Model,Subject,ROI_Group,ROI,R2,Adjusted_R2,Beta_layer4,Beta_relu1
curvature,subj01,V1,V1d_lh,0.0015803001173489983,0.001575041858955406,0.048946418,-0.008241828
curvature,subj01,V1,V1d_rh,0.0011171167438814855,0.0011118560460949833,0.04554414,-0.013142718
curvature,subj01,V1,V1v_lh,0.0036263472804870522,0.0036210997977668136,0.07550068,-0.012337455
curvature,subj01,V1,V1v_rh,0.004507090722033147,0.00450184787781982,0.08592362,-0.010554719
curvature,subj01,V2,V2d_lh,0.0004450818549017743,0.00043981761778910666,0.03456073,-0.013295444
curvature,subj01,V2,V2d_rh,0.0005032999147300821,0.000498035984227374,0.047853578,-0.02299657
curvature,subj01,V2,V2v_lh,0.0022564132909304035,0.0022511585933416844,0.0655654,-0.011593735
curvature,subj01,V2,V2v_rh,0.001507184678105955,0.0015019260346439411,0.04109214,0.0043791085
curvature,subj01,V3,V3d_lh,0.00024423954698027384,0.000238974252115165,0.03315394,-0.018742187
curvature,subj01,V3,V3d_rh,0.0003259935430232064,0.0003207286787222374,0.03683614,-0.019050878
curvature,subj01,V3,V3v_lh,0.001281755831808007,0.0012764960011066862,0.059576727,-0.022185158
curvature,subj01,V3,V3v_rh,0.00121448414069103,0.0012092239556977802,0.04901974,-0.012029192
curvature,subj01,V4,hV4_lh,0.0005557012949781726,0.0005504376404515954,0.028345166,-0.0059463438
curvature,subj01,V4,hV4_rh,0.001121193991004854,0.0011159333146915085,0.0315757,0.004001211
curvature,subj01,PPA,PPA_lh,0.00048788630526186427,0.00048262229358231323,0.02888781,-0.012327695
curvature,subj01,PPA,PPA_rh,0.0005573608713452805,0.0005520972255590451,0.040295888,-0.026061859
curvature,subj02,V1,V1d_lh,0.0005743594648899286,0.0005690959086281921,0.0473073,-0.026019683
curvature,subj02,V1,V1d_rh,0.00050676665760363,0.0005015027453588727,0.026261978,0.0033397037
curvature,subj02,V1,V1v_lh,0.0012118989597504903,0.0012066387611422424,0.039481007,-0.0010258434
curvature,subj02,V1,V1v_rh,0.002688971922033101,0.002683719502549531,0.077480234,-0.01600173
curvature,subj02,V2,V2d_lh,0.000296432213698572,0.00029116719371047317,0.03786963,-0.024336355
curvature,subj02,V2,V2d_rh,0.00018035665080273766,0.00017509101949320094,0.020791803,-0.0037851387
curvature,subj02,V2,V2v_lh,0.0012315554427848596,0.0012262953476990246,0.060073864,-0.018123094
curvature,subj02,V2,V2v_rh,0.0014962458883369667,0.001490987187264814,0.06262387,-0.03177802
curvature,subj02,V3,V3d_lh,0.0002237415451393776,0.00021847614231984558,0.034482986,-0.020297715
curvature,subj02,V3,V3d_rh,0.00027591970529161625,0.0002706545772727109,0.021339435,0.0014814598
curvature,subj02,V3,V3v_lh,0.0003685504594207467,0.0003632858192491595,0.022308588,-0.0005738711
curvature,subj02,V3,V3v_rh,0.0007989791633699062,0.0007937167900861075,0.04786142,-0.015428478
curvature,subj02,V4,hV4_lh,0.00031438723445265104,0.000309122309026133,0.025888383,-0.0073776986
curvature,subj02,V4,hV4_rh,0.0006431022050565893,0.0006378390108340293,0.039447855,-0.012049005
curvature,subj02,PPA,PPA_lh,0.0004315067082180102,0.0004262423996106435,0.022389287,-0.0021567205
curvature,subj02,PPA,PPA_rh,0.0006296442069989583,0.0006243809418987611,0.025876127,-0.0035245717
curvature,subj03,V1,V1d_lh,0.00025091612896532833,0.0002456508692629811,0.016002737,0.0037364783
curvature,subj03,V1,V1d_rh,0.00040155503048933117,0.00039629056413903463,0.0285833,-0.0062990612
curvature,subj03,V1,V1v_lh,0.001538652998397172,0.0015333945206656985,0.04051373,0.00582772
curvature,subj03,V1,V1v_rh,0.0011605119594841895,0.001155251490242093,0.049706534,-0.0151779335
curvature,subj03,V2,V2d_lh,9.890168568360558e-05,9.363562538489134e-05,0.007287619,0.004311453
curvature,subj03,V2,V2d_rh,0.00016051488383983514,0.00015524914803199952,0.015269507,0.0008228591
curvature,subj03,V2,V2v_lh,0.0013253997969524534,0.0013201401961056014,0.034079902,0.008103953
curvature,subj03,V2,V2v_rh,0.0008890802306218415,0.0008838183318624626,0.0410303,-0.012163413
curvature,subj03,V3,V3d_lh,6.975904634454189e-05,6.449283256371174e-05,0.011017104,-0.0021165912
curvature,subj03,V3,V3d_rh,0.0001502298465315688,0.00014496405655672895,0.017310744,-0.0042754286
curvature,subj03,V3,V3v_lh,0.0001585170708037209,0.00015325132447419065,0.019583972,-0.0068333144
curvature,subj03,V3,V3v_rh,0.0003465673238949307,0.0003413025679473991,0.033017557,-0.015460518
curvature,subj03,V4,hV4_lh,0.00011041385107546375,0.00010514785140647298,0.014278626,-0.0041149943
curvature,subj03,V4,hV4_rh,9.618759801666155e-05,9.092152342393689e-05,0.017652294,-0.0095394505
curvature,subj03,PPA,PPA_lh,0.00044429299590431626,0.000439028754636972,0.017178955,3.821419e-05
curvature,subj03,PPA,PPA_rh,0.00047726440013629023,0.00047200033251548756,0.02167911,-0.0046236664
curvature,subj04,V1,V1d_lh,0.00036131716089093935,0.00035605248262460254,0.02629371,-0.00772465
curvature,subj04,V1,V1d_rh,0.0010717482533685319,0.0010664873166452704,0.05192837,-0.014877384
curvature,subj04,V1,V1v_lh,0.0015924277605161574,0.0015871695659938068,0.048554655,-0.0049521592
curvature,subj04,V1,V1v_rh,0.004649254258768387,0.0046440121632708165,0.120597444,-0.0493535
curvature,subj04,V2,V2d_lh,0.00024061923534823837,0.00023535392141638134,0.029879972,-0.014630215
curvature,subj04,V2,V2d_rh,0.00045577279827679895,0.0004505086174686479,0.03558297,-0.012482928
curvature,subj04,V2,V2v_lh,0.0012505309374709617,0.001245270942321186,0.06305609,-0.023197116
curvature,subj04,V2,V2v_rh,0.0026695199734847463,0.0026642674515559017,0.065678224,-0.0052647744
curvature,subj04,V3,V3d_lh,0.00012742229038864572,0.00012215638029589027,0.009068382,0.00629188
curvature,subj04,V3,V3d_rh,0.0002864705994292116,0.00028120552697741275,0.025932426,-0.0057237917
curvature,subj04,V3,V3v_lh,0.00021146689212725445,0.00020620142466221125,0.012092316,0.006372594
curvature,subj04,V3,V3v_rh,0.0006381756058660981,0.0006329123856972929,0.046089318,-0.022035474
curvature,subj04,V4,hV4_lh,7.417194743730704e-05,6.89057568974416e-05,0.011279178,-0.0026686855
curvature,subj04,V4,hV4_rh,0.00017940116117554084,0.00017413552483391825,0.010162491,0.0039359285
curvature,subj04,PPA,PPA_lh,0.0001523504616036675,0.00014708468279733822,0.011871763,-0.0005019859
curvature,subj04,PPA,PPA_rh,0.00017739662909987963,0.0001721309822011463,0.0067990194,0.006889977
curvature,subj05,V1,V1d_lh,0.0007515392030736923,0.0007462765799433058,0.05775903,-0.032063957
curvature,subj05,V1,V1d_rh,0.0006806892756188176,0.0006754262793516874,0.046120826,-0.015165954
curvature,subj05,V1,V1v_lh,0.0018649205208387531,0.0018596637614215483,0.043613646,0.015521448
curvature,subj05,V1,V1v_rh,0.002516563642223635,0.0025113103147378357,0.108426236,-0.048225585
curvature,subj05,V2,V2d_lh,0.00017497811068123426,0.00016971245104513422,0.02786782,-0.017750388
curvature,subj05,V2,V2d_rh,0.00024856443315124377,0.00024329916106358151,0.026689777,-0.007587341
curvature,subj05,V2,V2v_lh,0.001802852417119527,0.0017975953308156933,0.05639818,-0.0036824553
curvature,subj05,V2,V2v_rh,0.0010239920801919933,0.0010187308919568094,0.05439555,-0.01223877
curvature,subj05,V3,V3d_lh,0.0003528191376833689,0.0003475544146614995,0.028566482,-0.0068145827
curvature,subj05,V3,V3d_rh,0.00023033769495106604,0.00022507232687074552,0.028508691,-0.012347124
curvature,subj05,V3,V3v_lh,0.0002660141141909156,0.0002607489340034075,0.013386989,0.011617251
curvature,subj05,V3,V3v_rh,0.00023123427550597597,0.000225968912147545,0.015439475,0.0037550477
curvature,subj05,V4,hV4_lh,0.0002847384287946175,0.0002794733472202271,0.015934998,0.0044077854
curvature,subj05,V4,hV4_rh,0.00019514395013353614,0.00018987839670248086,0.00800121,0.00869312
curvature,subj05,PPA,PPA_lh,0.0005699005241347477,0.0005646369443896848,0.0439633,-0.024780042
curvature,subj05,PPA,PPA_rh,0.0006843079301056543,0.0006790449528963904,0.041580927,-0.021557039
curvature,subj06,V1,V1d_lh,0.00034194840821544226,0.00033668362794192497,0.032201115,-0.014221524
curvature,subj06,V1,V1d_rh,0.00046505091694926115,0.00045978678500524506,0.03271873,-0.005498972
curvature,subj06,V1,V1v_lh,0.0028463338682134243,0.0028410822774892486,0.087284125,-0.020736063
curvature,subj06,V1,V1v_rh,0.0028701196874356683,0.002864868221981398,0.06265492,-0.0037542735
curvature,subj06,V2,V2d_lh,0.00022633477726552442,0.00022106938810340093,0.035244692,-0.024082763
curvature,subj06,V2,V2d_rh,0.0004761752776185624,0.00047091120426179245,0.045174,-0.020626549
curvature,subj06,V2,V2v_lh,0.0021629840626280483,0.0021577288729867083,0.0620483,-0.008849191
curvature,subj06,V2,V2v_rh,0.0010636863675473895,0.0010584253883654249,0.045294676,-0.0052302415
curvature,subj06,V3,V3d_lh,0.00011743968675570482,0.00011217372408878212,0.016458664,-0.0065381047
curvature,subj06,V3,V3d_rh,0.00016579495031465719,0.00016052924231468868,0.011752108,0.0025659045
curvature,subj06,V3,V3v_lh,0.0007489595838569008,0.0007436969471408261,0.035920087,-0.0070945835
curvature,subj06,V3,V3v_rh,0.0006716452485746593,0.0006663822046764079,0.047095917,-0.020362098
curvature,subj06,V4,hV4_lh,0.00026398140392447367,0.000258716213031418,0.018292544,-5.1063976e-06
curvature,subj06,V4,hV4_rh,0.00011358041994480317,0.00010831443695291654,0.0109973205,0.00083179475
curvature,subj06,PPA,PPA_lh,0.0007022024249939696,0.0006969395420274305,0.039988,-0.021268778
curvature,subj06,PPA,PPA_rh,0.0006230456710004662,0.000617782371148512,0.03452906,-0.015627263
curvature,subj07,V1,V1d_lh,0.0004062529804426118,0.00040098853883441254,0.025153121,-0.00082790945
curvature,subj07,V1,V1d_rh,0.00048328931553687227,0.00047802527964679875,0.02682532,-0.00044212377
curvature,subj07,V1,V1v_lh,0.0020459000205188538,0.00204064421424488,0.064078875,-0.015622146
curvature,subj07,V1,V1v_rh,0.002806244848162498,0.0028009930463063215,0.08546821,-0.033892706
curvature,subj07,V2,V2d_lh,9.164739278244571e-05,8.638129427840369e-05,0.01745666,-0.006597404
curvature,subj07,V2,V2d_rh,0.0001602589067274396,0.00015499316957146014,0.008812867,0.0091413595
curvature,subj07,V2,V2v_lh,0.001567102704153167,0.0015618443762542844,0.060691163,-0.018025257
curvature,subj07,V2,V2v_rh,0.0019723204178851983,0.001967064224098314,0.07942769,-0.03457378
curvature,subj07,V3,V3d_lh,9.265877304476255e-05,8.739267986712651e-05,0.015046556,-0.004054488
curvature,subj07,V3,V3d_rh,0.00014824922696154985,0.00014298342655560958,0.01214935,0.004643391
curvature,subj07,V3,V3v_lh,0.0003536067063647508,0.0003483419874906746,0.028988224,-0.0060936846
curvature,subj07,V3,V3v_rh,0.0010042938469733143,0.0009990325549957824,0.06510859,-0.030791743
curvature,subj07,V4,hV4_lh,0.00012779012974672987,0.00012252422159142462,0.017715115,-0.005549631
curvature,subj07,V4,hV4_rh,0.0002678129129605189,0.00026254774224654387,0.021432556,-0.0043402375
curvature,subj07,PPA,PPA_lh,0.00048057450496474807,0.0004753104547768894,0.032281455,-0.019259047
curvature,subj07,PPA,PPA_rh,0.00022805875880782533,0.00022279337872521676,0.016433906,-0.004913285
curvature,subj08,V1,V1d_lh,0.0004957721273267657,0.0004905081571783265,0.02994768,-0.0070785307
curvature,subj08,V1,V1d_rh,0.0003220491582189844,0.0003167842731445214,0.024101209,-0.0059504756
curvature,subj08,V1,V1v_lh,0.003091406227914595,0.00308615592788386,0.0632041,-0.0034598375
curvature,subj08,V1,V1v_rh,0.0009057194369260779,0.0009004576257984898,0.0398688,-0.01593861
curvature,subj08,V2,V2d_lh,0.00011816327328140197,0.0001128973144253198,0.021828799,-0.01509189
curvature,subj08,V2,V2d_rh,8.58796014916452e-05,8.061347261101304e-05,0.01800353,-0.010820546
curvature,subj08,V2,V2v_lh,0.001345295180955941,0.0013400356848897177,0.049204234,-0.011779603
curvature,subj08,V2,V2v_rh,0.001372019715797812,0.0013667603604785583,0.053799372,-0.020283842
curvature,subj08,V3,V3d_lh,4.7094344969966784e-05,4.182801182361917e-05,0.015154969,-0.012238305
curvature,subj08,V3,V3d_rh,0.00018948822203668225,0.0001842226388192314,0.02718691,-0.016885227
curvature,subj08,V3,V3v_lh,0.00025706987921991775,0.00025180465192675694,0.026776575,-0.010965638
curvature,subj08,V3,V3v_rh,0.0003058142293679289,0.0003005492587908609,0.027427,-0.014410914
curvature,subj08,V4,hV4_lh,0.0002872826618990354,0.0002820175937240377,0.022783875,-0.00900396
curvature,subj08,V4,hV4_rh,0.000513933603585981,0.000508669729086586,0.026076647,-0.0052751238
curvature,subj08,PPA,PPA_lh,0.0001540756323537007,0.00014880986263299256,0.010390947,-0.001942094
curvature,subj08,PPA,PPA_rh,0.00039973413992644424,0.00039446966398626326,0.023245204,-0.007567028
edge_occlusion,subj01,V1,V1d_lh,0.0033213115698859097,0.003316062480670401,0.08050498,0.0057216748
edge_occlusion,subj01,V1,V1d_rh,0.0017666841641001962,0.0017614268873132888,0.04876199,0.0166126
edge_occlusion,subj01,V1,V1v_lh,0.011399258773308718,0.011394052227257867,0.17058587,-0.014291924
edge_occlusion,subj01,V1,V1v_rh,0.010516808595644855,0.010511597402098505,0.168478,-0.0080448305
edge_occlusion,subj01,V2,V2d_lh,0.0005895841183028994,0.000584320642223024,0.04186236,-0.0037981812
edge_occlusion,subj01,V2,V2d_rh,0.0008236860688557446,0.000818423825692749,0.05213476,0.0039755385
edge_occlusion,subj01,V2,V2v_lh,0.0070928403021331965,0.007087611075979883,0.1526604,-0.021387307
edge_occlusion,subj01,V2,V2v_rh,0.00795873727168861,0.007953512605851976,0.15063186,-0.015685853
edge_occlusion,subj01,V3,V3d_lh,0.00032745904010422766,0.00032219418352141815,0.031071158,0.0010281431
edge_occlusion,subj01,V3,V3d_rh,0.0005967727731263084,0.0005915093349061484,0.039976988,0.004444962
edge_occlusion,subj01,V3,V3v_lh,0.003445393668112251,0.0034401452323851167,0.10068382,-0.0046993806
edge_occlusion,subj01,V3,V3v_rh,0.004015400584852613,0.004010155151113248,0.09995449,-0.00047988183
edge_occlusion,subj01,V4,hV4_lh,0.002877679921484133,0.0028724284958465685,0.07269937,0.002257683
edge_occlusion,subj01,V4,hV4_rh,0.005103485500783211,0.0050982457975314865,0.09046624,0.014119083
edge_occlusion,subj01,PPA,PPA_lh,0.0015304230680293074,0.001525164546954172,0.04721485,0.0016840012
edge_occlusion,subj01,PPA,PPA_rh,0.001429521493424124,0.0014242624409425142,0.04470619,0.0064060157
edge_occlusion,subj02,V1,V1d_lh,0.0011361625394874508,0.0011309019420071564,0.0517375,0.0057062134
edge_occlusion,subj02,V1,V1d_rh,0.0014330827016016956,0.0014278236678756384,0.06378987,0.0033713211
edge_occlusion,subj02,V1,V1v_lh,0.005397684119621049,0.005392445965790138,0.11437545,-0.0038799054
edge_occlusion,subj02,V1,V1v_rh,0.009573573116253953,0.009568356955081292,0.16296034,0.008213344
edge_occlusion,subj02,V2,V2d_lh,0.0007489287182698146,0.0007436660813912033,0.057466757,-0.016967662
edge_occlusion,subj02,V2,V2d_rh,0.0005878622928201516,0.0005825988076721966,0.04964484,-0.0077292854
edge_occlusion,subj02,V2,V2v_lh,0.00518595215917339,0.005180712890238914,0.1346103,-0.0049806163
edge_occlusion,subj02,V2,V2v_rh,0.005734987509143807,0.005729751131748562,0.10099924,0.008753391
edge_occlusion,subj02,V3,V3d_lh,0.00044672899467390614,0.00044146476623585507,0.03715909,0.0031616902
edge_occlusion,subj02,V3,V3d_rh,0.0005694954956112497,0.0005642319137331153,0.04790117,-0.005392154
edge_occlusion,subj02,V3,V3v_lh,0.003610701496546853,0.0036054539314268608,0.10022669,-0.009490344
edge_occlusion,subj02,V3,V3v_rh,0.005365079297608433,0.005359840972061658,0.12617855,0.004407532
edge_occlusion,subj02,V4,hV4_lh,0.0017825027791452674,0.0017772455856683855,0.065157294,0.0018660253
edge_occlusion,subj02,V4,hV4_rh,0.004323724438475285,0.004318480628548449,0.101483025,0.009307074
edge_occlusion,subj02,PPA,PPA_lh,0.0023140434296046175,0.002308789035529668,0.05316665,0.016276998
edge_occlusion,subj02,PPA,PPA_rh,0.0030516025810000125,0.003046352071340186,0.060392413,0.012514043
edge_occlusion,subj03,V1,V1d_lh,0.001237923532889429,0.0012326634713417661,0.06438118,-0.01013525
edge_occlusion,subj03,V1,V1d_rh,0.0018192834639793043,0.001814026464210916,0.07214192,-0.0037217217
edge_occlusion,subj03,V1,V1v_lh,0.006962297743464019,0.0069570678297977695,0.13270402,-0.0026015227
edge_occlusion,subj03,V1,V1v_rh,0.004635879925288244,0.004630637759353684,0.11110495,-0.008245989
edge_occlusion,subj03,V2,V2d_lh,0.0004114893876359105,0.00040622497360576215,0.037728146,-0.012213843
edge_occlusion,subj03,V2,V2d_rh,0.0005048117638656313,0.0004995478413252208,0.044221062,-0.008327022
edge_occlusion,subj03,V2,V2v_lh,0.008551992948189535,0.008546771406782061,0.1358259,0.005904445
edge_occlusion,subj03,V2,V2v_rh,0.004553045948331391,0.0045478033461450185,0.09365458,0.007477161
edge_occlusion,subj03,V3,V3d_lh,0.00021005440702615008,0.00020478893212227955,0.028953053,-0.010330818
edge_occlusion,subj03,V3,V3d_rh,0.0007122232670618844,0.0007069604368711291,0.049927916,-0.011701589
edge_occlusion,subj03,V3,V3v_lh,0.001045816938034294,0.0010405558647416102,0.051936917,-0.0009950988
edge_occlusion,subj03,V3,V3v_rh,0.0017570689202712764,0.0017518115928448763,0.06789249,-0.0003179393
edge_occlusion,subj03,V4,hV4_lh,0.0008310090509907608,0.0008257468463949147,0.039441913,0.0036601017
edge_occlusion,subj03,V4,hV4_rh,0.0008874240095985142,0.0008821621021165571,0.043429695,0.0028509714
edge_occlusion,subj03,PPA,PPA_lh,0.0014438851555598209,0.0014386261787256993,0.027225127,0.018808136
edge_occlusion,subj03,PPA,PPA_rh,0.0011288855447865176,0.0011236249089814354,0.023300605,0.018455865
edge_occlusion,subj04,V1,V1d_lh,0.001209443103014185,0.00120418289147195,0.053351134,-0.0025896253
edge_occlusion,subj04,V1,V1d_rh,0.002460163685765848,0.002454910061244986,0.08278806,0.0027318385
edge_occlusion,subj04,V1,V1v_lh,0.007099540014629979,0.0070943108237612185,0.12920496,0.000112228656
edge_occlusion,subj04,V1,V1v_rh,0.011611153107152328,0.011605947677060247,0.17336011,0.013702085
edge_occlusion,subj04,V2,V2d_lh,0.0006909157210827077,0.0006856527786739397,0.04388226,0.0017306027
edge_occlusion,subj04,V2,V2d_rh,0.0008188944650270313,0.0008136321966287774,0.04085037,0.010023689
edge_occlusion,subj04,V2,V2v_lh,0.006122565815047998,0.006117331478865395,0.13454631,0.0069037294
edge_occlusion,subj04,V2,V2v_rh,0.009314673904575743,0.009309456379889447,0.15314539,0.0058988673
edge_occlusion,subj04,V3,V3d_lh,0.0005211072426337671,0.0005158434059148176,0.040556535,-0.0023627388
edge_occlusion,subj04,V3,V3d_rh,0.0006239614771530455,0.0006186981821242332,0.0440999,-0.00055746944
edge_occlusion,subj04,V3,V3v_lh,0.0014262205599869793,0.0014209614901208312,0.06414584,-0.004778538
edge_occlusion,subj04,V3,V3v_rh,0.0020913753806742763,0.002086119813899945,0.082411975,-0.010294782
edge_occlusion,subj04,V4,hV4_lh,0.0005166848265691915,0.0005114209665592062,0.035186183,-0.0023383994
edge_occlusion,subj04,V4,hV4_rh,0.0008545619279392014,0.0008492998473864644,0.043910053,-0.0063435147
edge_occlusion,subj04,PPA,PPA_lh,0.0006371974238456035,0.0006319341985250304,0.01687546,0.018326618
edge_occlusion,subj04,PPA,PPA_rh,0.0007669790357733852,0.0007617164939582866,0.027547467,0.009664708
edge_occlusion,subj05,V1,V1d_lh,0.0024573519069484018,0.0024520982676191627,0.099250175,-0.0172026
edge_occlusion,subj05,V1,V1d_rh,0.002467836807321211,0.0024625832232115785,0.08951187,0.002156806
edge_occlusion,subj05,V1,V1v_lh,0.012214133549595219,0.01220893129514855,0.19862157,-0.005059356
edge_occlusion,subj05,V1,V1v_rh,0.0075334205828755385,0.007528193677074024,0.17132626,0.0045078197
edge_occlusion,subj05,V2,V2d_lh,0.0019412216030834095,0.0019359652455120946,0.08111775,-0.013454156
edge_occlusion,subj05,V2,V2d_rh,0.0011378834070964183,0.0011326228186792076,0.06605289,-0.0062345997
edge_occlusion,subj05,V2,V2v_lh,0.013303730657819424,0.013298534141824359,0.20386331,-0.0068328506
edge_occlusion,subj05,V2,V2v_rh,0.00791725908594021,0.007912034201655316,0.18480809,-0.01810795
edge_occlusion,subj05,V3,V3d_lh,0.0024653375974196257,0.002460084000147744,0.077209406,0.010304534
edge_occlusion,subj05,V3,V3d_rh,0.0013310016050215312,0.0013257420336769687,0.07482181,-0.015179527
edge_occlusion,subj05,V3,V3v_lh,0.0036123648920252105,0.003607117335665655,0.12643816,-0.017660117
edge_occlusion,subj05,V3,V3v_rh,0.0039047956864420863,0.0038995496701930144,0.11819728,-0.022097602
edge_occlusion,subj05,V4,hV4_lh,0.0022844601768031714,0.002279205626925629,0.073665455,0.0017813483
edge_occlusion,subj05,V4,hV4_rh,0.0026942802084579665,0.0026890278169308113,0.07846897,-0.003285228
edge_occlusion,subj05,PPA,PPA_lh,0.0015857851086842345,0.0015805268791777571,0.05046326,0.013631855
edge_occlusion,subj05,PPA,PPA_rh,0.001638436860597392,0.0016331789083855464,0.043067303,0.016375713
edge_occlusion,subj06,V1,V1d_lh,0.001289704978585271,0.0012844451897486842,0.0637627,-0.007696889
edge_occlusion,subj06,V1,V1d_rh,0.0018762016762257083,0.0018709449762216446,0.08526867,-0.009688209
edge_occlusion,subj06,V1,V1v_lh,0.010167109935092067,0.01016189689982927,0.1944153,-0.012372598
edge_occlusion,subj06,V1,V1v_rh,0.010948100498641589,0.010942891576529057,0.15532519,0.005849929
edge_occlusion,subj06,V2,V2d_lh,0.0007326920216419452,0.0007274292992515141,0.06014561,-0.020444445
edge_occlusion,subj06,V2,V2d_rh,0.0008351748012987992,0.0008299126186421812,0.060331326,-0.007548973
edge_occlusion,subj06,V2,V2v_lh,0.009634117291857924,0.00962890144954609,0.16772701,-0.011249254
edge_occlusion,subj06,V2,V2v_rh,0.0054155781192314345,0.005410340059640695,0.13279787,-0.0074616363
edge_occlusion,subj06,V3,V3d_lh,0.00040670211829441083,0.00040143767905165273,0.039657798,-0.015766896
edge_occlusion,subj06,V3,V3d_rh,0.0005221972847857526,0.0005169334538075443,0.035111,-0.002513651
edge_occlusion,subj06,V3,V3v_lh,0.0038882204311561086,0.0038829743276120876,0.09558756,-0.00035856062
edge_occlusion,subj06,V3,V3v_rh,0.002218165763124502,0.0022129108641020245,0.0761077,0.0061039412
edge_occlusion,subj06,V4,hV4_lh,0.0019986768806433686,0.0019934208256650043,0.06286491,0.007915588
edge_occlusion,subj06,V4,hV4_rh,0.0010108028148818615,0.001005541557184464,0.038471624,0.011655433
edge_occlusion,subj06,PPA,PPA_lh,0.0009377573919817639,0.0009324957495846498,0.042456247,-0.0041115675
edge_occlusion,subj06,PPA,PPA_rh,0.001394325257226381,0.0013890660193809357,0.044554118,0.004281484
edge_occlusion,subj07,V1,V1d_lh,0.0011056473587288673,0.001100386600537906,0.0522359,0.004126041
edge_occlusion,subj07,V1,V1d_rh,0.0010914341776580017,0.0010861733446121402,0.056863256,-0.0034770484
edge_occlusion,subj07,V1,V1v_lh,0.007294019365996385,0.0072887911993689825,0.13417676,0.001685214
edge_occlusion,subj07,V1,V1v_rh,0.009155812713516287,0.00915059435217469,0.1530204,-0.003655815
edge_occlusion,subj07,V2,V2d_lh,0.00023832590946393228,0.00023306058345418101,0.03279384,-0.0072356677
edge_occlusion,subj07,V2,V2d_rh,0.0003834030744152006,0.0003781385124660419,0.03244959,0.0023020422
edge_occlusion,subj07,V2,V2v_lh,0.007062355458738789,0.00705712607203457,0.13211578,0.0073929452
edge_occlusion,subj07,V2,V2v_rh,0.007847653925571518,0.007842428674705415,0.1414615,0.009979259
edge_occlusion,subj07,V3,V3d_lh,0.0001717232691874626,0.00016645759240940805,0.027084447,-0.0070226463
edge_occlusion,subj07,V3,V3d_rh,0.00042216496061475706,0.0004169006028083011,0.040750325,-0.0062819347
edge_occlusion,subj07,V3,V3v_lh,0.0029286374562641493,0.002923386298998576,0.0909083,0.0070708403
edge_occlusion,subj07,V3,V3v_rh,0.00228329443412012,0.0022780398781031552,0.0804053,0.011439631
edge_occlusion,subj07,V4,hV4_lh,0.002016369327475731,0.002011113365675943,0.07078692,0.004408182
edge_occlusion,subj07,V4,hV4_rh,0.001959557122265143,0.0019543008612593615,0.050658442,0.021212516
edge_occlusion,subj07,PPA,PPA_lh,0.0010488864067069725,0.001043625349579913,0.022157399,0.019758977
edge_occlusion,subj07,PPA,PPA_rh,0.0007864091629541381,0.0007811467234692948,0.007974123,0.027570197
edge_occlusion,subj08,V1,V1d_lh,0.0014335741490227871,0.0014283151178848819,0.066666365,-0.013695006
edge_occlusion,subj08,V1,V1d_rh,0.0012664311138884665,0.0012611712024782618,0.05824822,-0.00701903
edge_occlusion,subj08,V1,V1v_lh,0.013148259911419657,0.013143062576625342,0.1717052,-0.0013976217
edge_occlusion,subj08,V1,V1v_rh,0.003937744637374174,0.003932498794653516,0.07401392,0.009039768
edge_occlusion,subj08,V2,V2d_lh,0.0003243788394563518,0.00031911396665129654,0.031941574,-0.007970505
edge_occlusion,subj08,V2,V2d_rh,0.00031834924929574626,0.0003130843447354259,0.03232142,-0.006713824
edge_occlusion,subj08,V2,V2v_lh,0.007518321072512935,0.007513094087188699,0.13144033,-0.0010638917
edge_occlusion,subj08,V2,V2v_rh,0.00580342201499684,0.005798185998017513,0.10821143,0.0021482683
edge_occlusion,subj08,V3,V3d_lh,0.0003203647939448162,0.0003150998999994492,0.029882671,-0.0050907154
edge_occlusion,subj08,V3,V3d_rh,0.00040390278473512176,0.00039863833074949007,0.035495967,-0.006274351
edge_occlusion,subj08,V3,V3v_lh,0.0024272622420669077,0.002422008444268098,0.07735841,0.002501275
edge_occlusion,subj08,V3,V3v_rh,0.0014227298506178654,0.0014174707623676452,0.046891235,0.0054754363
edge_occlusion,subj08,V4,hV4_lh,0.0025619302025963187,0.002556677114037176,0.059754625,0.008841042
edge_occlusion,subj08,V4,hV4_rh,0.0025848582750845894,0.0025796053072779657,0.0653353,0.0034174582
edge_occlusion,subj08,PPA,PPA_lh,0.0007158405343733465,0.0007105777232331301,0.024528239,0.0024263025
edge_occlusion,subj08,PPA,PPA_rh,0.0012484952935571947,0.0012432352876865504,0.04155646,0.0016155309
reshading,subj01,V1,V1d_lh,0.0027910750841061427,0.002785823202357096,0.0968736,0.00041710932
reshading,subj01,V1,V1d_rh,0.0023462946676512386,0.002341040443430087,0.09674931,-0.0062534264
reshading,subj01,V1,V1v_lh,0.0032216265286214574,0.0032163769144065713,0.17064051,-0.055478364
reshading,subj01,V1,V1v_rh,0.0032677840783787993,0.003262534707256348,0.18829444,-0.06565191
reshading,subj01,V2,V2d_lh,0.0009892129977090436,0.0009839516263070447,0.06658842,-0.0023700055
reshading,subj01,V2,V2d_rh,0.0016604008705700668,0.0016551430340335793,0.06852808,0.022875696
reshading,subj01,V2,V2v_lh,0.0019073107302508552,0.0019020541940850677,0.13953638,-0.043242257
reshading,subj01,V2,V2v_rh,0.002823953212120922,0.0028187015035271434,0.16086377,-0.048885617
reshading,subj01,V3,V3d_lh,0.0007079808211105654,0.0007027179685765716,0.08908204,-0.026170352
reshading,subj01,V3,V3d_rh,0.0013086250917483389,0.0013033654025561558,0.091057636,-0.008715528
reshading,subj01,V3,V3v_lh,0.0013363907803037867,0.0013311312373417428,0.12129983,-0.039476328
reshading,subj01,V3,V3v_rh,0.001536391024572259,0.0015311325349277594,0.13523512,-0.05197537
reshading,subj01,V4,hV4_lh,0.0010220254069878143,0.0010167642083951378,0.10072239,-0.041016433
reshading,subj01,V4,hV4_rh,0.0017494069932671996,0.0017441496254886335,0.12661688,-0.04661671
reshading,subj01,PPA,PPA_lh,0.0012542258000188822,0.0012489658243283186,0.09862274,-0.03945965
reshading,subj01,PPA,PPA_rh,0.0014056941667924816,0.0014004349888223633,0.12383929,-0.05950325
reshading,subj02,V1,V1d_lh,0.0025428078386142694,0.0025375546493456858,0.13344091,-0.023602061
reshading,subj02,V1,V1d_rh,0.0023622447877562625,0.0023569906475376934,0.13920465,-0.027122853
reshading,subj02,V1,V1v_lh,0.0024362115526069816,0.00243095780194047,0.14269982,-0.041898362
reshading,subj02,V1,V1v_rh,0.004616218335334654,0.004610976065850703,0.24867637,-0.08999319
reshading,subj02,V2,V2d_lh,0.0023974023258462873,0.0023921483707877167,0.0836491,0.015947126
reshading,subj02,V2,V2d_rh,0.001115878879107357,0.0011106181748015143,0.07723242,-0.0005510449
reshading,subj02,V2,V2v_lh,0.0017780923294918871,0.00177283511278703,0.15411705,-0.050514877
reshading,subj02,V2,V2v_rh,0.0018427894867026895,0.0018375326107306078,0.13305482,-0.05072146
reshading,subj02,V3,V3d_lh,0.001192279489704906,0.0011870191877690894,0.107762516,-0.022479916
reshading,subj02,V3,V3d_rh,0.001145129291822311,0.0011398687415661302,0.09676954,-0.01512271
reshading,subj02,V3,V3v_lh,0.002064113284873881,0.002058857574521511,0.10254459,-0.011327166
reshading,subj02,V3,V3v_rh,0.003120286671996153,0.003115036524066639,0.17771032,-0.04586054
reshading,subj02,V4,hV4_lh,0.001146927114184071,0.001141666573396316,0.09570867,-0.024453303
reshading,subj02,V4,hV4_rh,0.0018248804469743751,0.0018196234766828523,0.14303346,-0.047925092
reshading,subj02,PPA,PPA_lh,0.0018874788367029272,0.0018822221960909102,0.11353343,-0.03373163
reshading,subj02,PPA,PPA_rh,0.0021395715655101455,0.002134316252564883,0.12560955,-0.046511848
reshading,subj03,V1,V1d_lh,0.002065585747117904,0.002060330044520331,0.12991485,-0.03124085
reshading,subj03,V1,V1d_rh,0.0012121860355528424,0.0012069258384566073,0.1105736,-0.03414909
reshading,subj03,V1,V1v_lh,0.002109660922939849,0.002104405452467817,0.17140742,-0.07509437
reshading,subj03,V1,V1v_rh,0.0015394045600271022,0.0015341460862536849,0.1411631,-0.059689738
reshading,subj03,V2,V2d_lh,0.0007814858500578836,0.0007762233846441147,0.070984416,-0.016384253
reshading,subj03,V2,V2d_rh,0.0006677204866463171,0.0006624574220779333,0.096018076,-0.036111165
reshading,subj03,V2,V2v_lh,0.00235350265385903,0.00234824846759929,0.17895432,-0.08122225
reshading,subj03,V2,V2v_rh,0.0013721253419964885,0.0013668659872334565,0.1327589,-0.060431074
reshading,subj03,V3,V3d_lh,0.00033497954141548103,0.0003297147244398779,0.055163242,-0.01709461
reshading,subj03,V3,V3d_rh,0.0008693648459584535,0.0008641028433664655,0.09572375,-0.03290659
reshading,subj03,V3,V3v_lh,0.0007664628010490837,0.0007612002565151599,0.10525058,-0.046729095
reshading,subj03,V3,V3v_rh,0.00135827484022788,0.0013530154125200866,0.13813882,-0.058199544
reshading,subj03,V4,hV4_lh,0.0005602050121435997,0.0005549413813362714,0.08570568,-0.03997517
reshading,subj03,V4,hV4_rh,0.0007621334521530354,0.0007568708848182393,0.10542902,-0.049879443
reshading,subj03,PPA,PPA_lh,0.0012842496783778135,0.001278989860810431,0.081312194,-0.027304346
reshading,subj03,PPA,PPA_rh,0.0018689208858596595,0.001863664147510824,0.07806196,-0.013466244
reshading,subj04,V1,V1d_lh,0.001571806536409981,0.0015665482332841707,0.1384552,-0.05978138
reshading,subj04,V1,V1d_rh,0.0019548659725345807,0.00194960968682234,0.15397353,-0.051860966
reshading,subj04,V1,V1v_lh,0.0022718087346573768,0.0022665541181500215,0.17936723,-0.08238085
reshading,subj04,V1,V1v_rh,0.004040925195639811,0.004035679896327915,0.2587861,-0.11420503
reshading,subj04,V2,V2d_lh,0.001092151672127173,0.0010868908428600665,0.12578765,-0.049127
reshading,subj04,V2,V2d_rh,0.0014801231451421204,0.0014748643591582233,0.121909626,-0.03442931
reshading,subj04,V2,V2v_lh,0.0020844836650742993,0.0020792280620042236,0.18669057,-0.07702841
reshading,subj04,V2,V2v_rh,0.0032366656483154843,0.003231416113305352,0.19404222,-0.06853569
reshading,subj04,V3,V3d_lh,0.0010368362939467968,0.0010315751733568357,0.13752568,-0.06544159
reshading,subj04,V3,V3d_rh,0.001144502337523834,0.0011392417839657387,0.108178705,-0.028956605
reshading,subj04,V3,V3v_lh,0.0010166321609919038,0.0010113709339952814,0.11779204,-0.048750356
reshading,subj04,V3,V3v_rh,0.0025463735378887797,0.0025411203673992855,0.158758,-0.047104884
reshading,subj04,V4,hV4_lh,0.0006995707808430396,0.0006943078840169203,0.10259297,-0.052795496
reshading,subj04,V4,hV4_rh,0.0011429889837547558,0.0011377284222264805,0.09686867,-0.03507625
reshading,subj04,PPA,PPA_lh,0.0005887530856604206,0.0005834896052038241,0.051639024,-0.010832839
reshading,subj04,PPA,PPA_rh,0.0008633414155673202,0.0008580793812524856,0.076705724,-0.026464824
reshading,subj05,V1,V1d_lh,0.002957122025881387,0.002951871018632035,0.17544462,-0.047050923
reshading,subj05,V1,V1d_rh,0.002480749147400152,0.0024754956312943444,0.16275479,-0.04090336
reshading,subj05,V1,V1v_lh,0.0035771349036237687,0.00357188716172252,0.24490564,-0.10310346
reshading,subj05,V1,V1v_rh,0.0037333139764083034,0.003728067057036877,0.25753462,-0.0913154
reshading,subj05,V2,V2d_lh,0.0023449645539711517,0.0023397103227447147,0.12203534,-0.018999826
reshading,subj05,V2,V2d_rh,0.0015754180674452112,0.0015701597833397418,0.11218619,-0.017512193
reshading,subj05,V2,V2v_lh,0.004821423537684555,0.004816182348930553,0.24732351,-0.08540487
reshading,subj05,V2,V2v_rh,0.004149932719996086,0.004144687994781071,0.2221881,-0.05595406
reshading,subj05,V3,V3d_lh,0.0016230183915701968,0.001617760358155751,0.15357454,-0.060585324
reshading,subj05,V3,V3d_rh,0.0013695651241480977,0.0013643057559015181,0.13135774,-0.04302291
reshading,subj05,V3,V3v_lh,0.002520745318827289,0.0025154920133646508,0.19416566,-0.065313905
reshading,subj05,V3,V3v_rh,0.002374768025731333,0.00236951395146745,0.13555431,-0.029137019
reshading,subj05,V4,hV4_lh,0.0012800851910336197,0.0012748253515337815,0.115856774,-0.04000081
reshading,subj05,V4,hV4_rh,0.002008941148311405,0.002003685147390577,0.11939873,-0.031480655
reshading,subj05,PPA,PPA_lh,0.002061828993457304,0.0020565732710746687,0.137453,-0.04380024
reshading,subj05,PPA,PPA_rh,0.0021665777882337034,0.0021613226175190015,0.13179274,-0.045066603
reshading,subj06,V1,V1d_lh,0.0018992316040636892,0.0018939750253486043,0.13317995,-0.03804473
reshading,subj06,V1,V1d_rh,0.0021002109720130724,0.0020949554517721847,0.14913549,-0.038229976
reshading,subj06,V1,V1v_lh,0.002910892209302407,0.002905640958580036,0.23141739,-0.09803633
reshading,subj06,V1,V1v_rh,0.0031607777381857938,0.0031555278035058087,0.1970042,-0.08159406
reshading,subj06,V2,V2d_lh,0.000797903217693019,0.000792640838742531,0.10119274,-0.034875646
reshading,subj06,V2,V2d_rh,0.0011483745766478481,0.0011431140434832177,0.12477228,-0.03784186
reshading,subj06,V2,V2v_lh,0.0023797152460981463,0.0023744611978890884,0.17634097,-0.06913755
reshading,subj06,V2,V2v_rh,0.0019124060488923122,0.0019071495395615035,0.17121802,-0.06906941
reshading,subj06,V3,V3d_lh,0.0007612623108774752,0.0007559997389547934,0.08821883,-0.03306178
reshading,subj06,V3,V3d_rh,0.0006526864388415321,0.0006474232950951508,0.082159184,-0.03182227
reshading,subj06,V3,V3v_lh,0.001675443778480612,0.0016701860211687514,0.1512098,-0.06784412
reshading,subj06,V3,V3v_rh,0.0017328000050114145,0.0017275425497708108,0.17001998,-0.07480005
reshading,subj06,V4,hV4_lh,0.0007258226446740235,0.0007205598861054208,0.08840301,-0.032368075
reshading,subj06,V4,hV4_rh,0.000877700750212429,0.000872438791522212,0.11289526,-0.055327035
reshading,subj06,PPA,PPA_lh,0.0013767735034645456,0.0013715141731814873,0.08903792,-0.024752894
reshading,subj06,PPA,PPA_rh,0.001554264483822454,0.0015490060883099899,0.08101078,-0.014820348
reshading,subj07,V1,V1d_lh,0.0011392823203193458,0.001134021739269686,0.082122415,-0.009624457
reshading,subj07,V1,V1d_rh,0.0010427336153268074,0.0010374725257954465,0.10960388,-0.037742015
reshading,subj07,V1,V1v_lh,0.0021978081798186277,0.0021925531735812465,0.16338897,-0.062961906
reshading,subj07,V1,V1v_rh,0.002668326648464392,0.002663074120250686,0.18487844,-0.07549072
reshading,subj07,V2,V2d_lh,0.0002753341437746748,0.00027006901267179195,0.047246937,-0.007981127
reshading,subj07,V2,V2d_rh,0.0006139774360303107,0.0006087140884198927,0.08879939,-0.030399768
reshading,subj07,V2,V2v_lh,0.0021590373431453758,0.0021537821327183293,0.16089703,-0.058054052
reshading,subj07,V2,V2v_rh,0.0026820194876951975,0.002676767031596028,0.19657783,-0.07927648
reshading,subj07,V3,V3d_lh,0.000160727788623638,0.00015546205393712764,0.044135332,-0.014841721
reshading,subj07,V3,V3d_rh,0.0007976065236877661,0.0007923441431746392,0.10192378,-0.03431331
reshading,subj07,V3,V3v_lh,0.00120728175344742,0.0012020215305221793,0.119214095,-0.036124736
reshading,subj07,V3,V3v_rh,0.0016881682408876886,0.001682910550590333,0.18137641,-0.07900722
reshading,subj07,V4,hV4_lh,0.0006050201159116808,0.0005997567211266652,0.08644025,-0.031604145
reshading,subj07,V4,hV4_rh,0.0007919930626132388,0.000786730652536427,0.1050136,-0.048357856
reshading,subj07,PPA,PPA_lh,0.001338212799806171,0.0013329532664400068,0.07422313,-0.01672838
reshading,subj07,PPA,PPA_rh,0.0007284497239881116,0.0007231869792551082,0.052833598,-0.011394964
reshading,subj08,V1,V1d_lh,0.0020034678071845224,0.001998211777437864,0.10098978,-0.013095615
reshading,subj08,V1,V1d_rh,0.0014877234060794997,0.0014824646601231395,0.09971771,-0.0229266
reshading,subj08,V1,V1v_lh,0.0030407941687665696,0.003035543602183388,0.16790202,-0.05696881
reshading,subj08,V1,V1v_rh,0.0012486444566518484,0.001243384451566798,0.10041533,-0.038998436
reshading,subj08,V2,V2d_lh,0.0006727152200904918,0.0006674521818272883,0.067903616,-0.016800271
reshading,subj08,V2,V2d_rh,0.000675932185238759,0.0006706691639178919,0.052545853,-0.0014587211
reshading,subj08,V2,V2v_lh,0.0022120158840165383,0.0022067609526053023,0.14395986,-0.048204355
reshading,subj08,V2,V2v_rh,0.0018210169099885931,0.0018157599193494578,0.11682932,-0.03416681
reshading,subj08,V3,V3d_lh,0.0007699049958875825,0.0007646424694822684,0.044054,0.005708054
reshading,subj08,V3,V3d_rh,0.0009872213940034236,0.0009819600121124816,0.05390833,0.005730207
reshading,subj08,V3,V3v_lh,0.0006776527661846998,0.0006723897539255841,0.08658418,-0.030022176
reshading,subj08,V3,V3v_rh,0.0006245945233364081,0.0006193312316417066,0.062176224,-0.016938372
reshading,subj08,V4,hV4_lh,0.0009289422376287382,0.0009236805488059829,0.09267447,-0.038964268
reshading,subj08,V4,hV4_rh,0.0010929295799281258,0.0010876687547579644,0.091736294,-0.032092955
reshading,subj08,PPA,PPA_lh,0.0007235772990334954,0.0007183145286395742,0.06263885,-0.027200732
reshading,subj08,PPA,PPA_rh,0.0014854302685235465,0.0014801715104900692,0.101142764,-0.038122173
depth,subj01,V1,V1d_lh,0.00015602781111656583,0.00015076205167718904,0.010128985,-0.0012671737
depth,subj01,V1,V1d_rh,0.0001708752780963385,0.00016560959685241183,0.017851803,-0.008963898
depth,subj01,V1,V1v_lh,0.0016030457637372653,0.001597787625135516,0.0009864015,0.023891812
depth,subj01,V1,V1v_rh,0.0026270584993994817,0.0026218057538438533,-0.009663569,0.040816482
depth,subj01,V2,V2d_lh,0.00010297577435935956,9.770973551714857e-05,-0.005055277,0.010488925
depth,subj01,V2,V2d_rh,0.00016372036916789678,0.00015845465024200145,0.022007305,-0.010480555
depth,subj01,V2,V2v_lh,0.0011288771293920252,0.0011236164935426451,-0.003277877,0.025098808
depth,subj01,V2,V2v_rh,0.0006987017200116297,0.000693438818608394,-0.01208754,0.02601453
depth,subj01,V3,V3d_lh,0.0002218797292806718,0.00021661431665587205,-0.0037713319,0.013641842
depth,subj01,V3,V3d_rh,9.293539707089238e-05,8.766930535020201e-05,0.012709631,-0.0044578793
depth,subj01,V3,V3v_lh,0.0008842960865504956,0.0008790341625951603,-0.0011775582,0.021140382
depth,subj01,V3,V3v_rh,0.0004357228110838385,0.00043045852468093226,-0.008592287,0.019926198
depth,subj01,V4,hV4_lh,0.0003171957895320432,0.0003119308788969155,0.0019010009,0.008598978
depth,subj01,V4,hV4_rh,0.00031167113357888354,0.00030640619384769696,-0.002965363,0.012529941
depth,subj01,PPA,PPA_lh,0.0015429395200129425,0.001537681064856633,0.006831069,0.014419338
depth,subj01,PPA,PPA_rh,0.002190402473594144,0.002185147428353962,0.0030696425,0.02267282
depth,subj02,V1,V1d_lh,0.00019825884263846572,0.0001929933056122879,0.014484707,-0.0031524622
depth,subj02,V1,V1d_rh,4.04166912059134e-05,3.515032289114206e-05,0.010203773,-0.0050138934
depth,subj02,V1,V1v_lh,0.00035290484768912833,0.0003476401251186756,0.017443525,-0.0036180033
depth,subj02,V1,V1v_rh,0.0025103070316172538,0.0025050536711804794,-0.012991835,0.045463745
depth,subj02,V2,V2d_lh,7.33834857633564e-05,6.811729107103481e-05,0.010912336,-0.003908283
depth,subj02,V2,V2d_rh,3.916446846596866e-05,3.389809355625051e-05,0.011171934,-0.0059708487
depth,subj02,V2,V2v_lh,0.00086803853746098,0.0008627765278839128,0.006120116,0.017054059
depth,subj02,V2,V2v_rh,0.0014578276282350977,0.0014525687248301278,-0.010255496,0.030043352
depth,subj02,V3,V3d_lh,6.008428816661748e-05,5.4818023432989804e-05,0.006511288,0.00038731395
depth,subj02,V3,V3d_rh,1.8206283469157647e-05,1.2939798181510476e-05,0.008825677,-0.0056224307
depth,subj02,V3,V3v_lh,0.00020441843097662726,0.00019915292639038906,-0.002170542,0.010809127
depth,subj02,V3,V3v_rh,0.0002160739440467685,0.00021080850084520542,-0.012654022,0.01976345
depth,subj02,V4,hV4_lh,7.101636008766121e-05,6.575015292853426e-05,0.004005811,0.0021148876
depth,subj02,V4,hV4_rh,0.00011361711449475731,0.00010835113169604949,-0.015179514,0.017106948
depth,subj02,PPA,PPA_lh,0.0007342035693186366,0.0007289408548888376,-0.0012390915,0.016140796
depth,subj02,PPA,PPA_rh,0.0016980316697122744,0.001692774031361366,-0.006903871,0.026688926
depth,subj03,V1,V1d_lh,1.1557469968725975e-05,6.290949664644607e-06,0.0041439943,-0.0014660036
depth,subj03,V1,V1d_rh,5.402775865914755e-05,4.876146202825726e-05,0.0037370375,0.0017987374
depth,subj03,V1,V1v_lh,0.0008323525690977496,0.0008270903715775768,0.0006985008,0.017993135
depth,subj03,V1,V1v_rh,0.0005144885128355314,0.0005092246412584656,-0.0066768616,0.019473072
depth,subj03,V2,V2d_lh,4.714998058319431e-06,-5.515582821580267e-07,-0.000496407,0.0016900665
depth,subj03,V2,V2d_rh,4.6373586372827624e-05,4.110724943062749e-05,0.007529725,-0.0018667538
depth,subj03,V2,V2v_lh,0.001076316213634576,0.0010710553009688484,-0.00525136,0.024452826
depth,subj03,V2,V2v_rh,0.0005365464070644643,0.000531282651657139,-0.010109026,0.021523345
depth,subj03,V3,V3d_lh,1.8363825532330402e-05,1.309734107446392e-05,-0.0022449815,0.0043784603
depth,subj03,V3,V3d_rh,2.3370603134509338e-05,1.8104145045216846e-05,0.00012630115,0.0030238342
depth,subj03,V3,V3v_lh,0.00014667724594896736,0.000141411437264094,-0.007856453,0.013617014
depth,subj03,V3,V3v_rh,0.0001337537065873029,0.00012848782983942986,-0.006372123,0.012382929
depth,subj03,V4,hV4_lh,0.00041241829185922896,0.00040715388272105635,-0.012154956,0.021073716
depth,subj03,V4,hV4_rh,0.0001076056207044429,0.00010233960624572713,-0.0026825112,0.008554862
depth,subj03,PPA,PPA_lh,0.0009037611679021396,0.0008984993464611346,-0.0069456096,0.019034335
depth,subj03,PPA,PPA_rh,0.0009655532273841194,0.0009602917313761283,-0.006838225,0.019744921
depth,subj04,V1,V1d_lh,9.930938885127638e-05,9.404333069973347e-05,-0.0028310677,0.0082110725
depth,subj04,V1,V1d_rh,0.0001690432262989594,0.00016377753540630646,0.014452386,-0.0036745754
depth,subj04,V1,V1v_lh,0.001612142425260643,0.0016068843345671269,-0.0050762766,0.029208224
depth,subj04,V1,V1v_rh,0.004276786995228488,0.0042715429381018355,-0.0063593243,0.05061847
depth,subj04,V2,V2d_lh,4.8038616025536385e-05,4.277228785232179e-05,-0.0053496747,0.008765901
depth,subj04,V2,V2d_rh,0.00019223352993780196,0.00018696796117878556,0.022938533,-0.012251233
depth,subj04,V2,V2v_lh,0.0016688999857031872,0.0016636421939278945,-0.0058401707,0.034428038
depth,subj04,V2,V2v_rh,0.0031577824985707936,0.0031525325481162048,-0.012914641,0.04753224
depth,subj04,V3,V3d_lh,3.320888436209035e-05,2.7942478086795397e-05,-0.0054139956,0.007869395
depth,subj04,V3,V3d_rh,9.136843492607571e-05,8.610233495287556e-05,0.013906117,-0.005925774
depth,subj04,V3,V3v_lh,0.0002021696243489357,0.00019690410791917135,-0.0005312134,0.009795996
depth,subj04,V3,V3v_rh,0.00015824520811358322,0.00015297946035230936,0.0022634617,0.0066628805
depth,subj04,V4,hV4_lh,3.536549949489931e-05,3.0099104577629987e-05,-0.0017307551,0.004915411
depth,subj04,V4,hV4_rh,9.372261163342888e-05,8.845652405864435e-05,0.0065311943,-0.00025297725
depth,subj04,PPA,PPA_lh,8.215914235421007e-05,7.689299387958481e-05,-0.0016749732,0.0060156723
depth,subj04,PPA,PPA_rh,0.0002034753111327392,0.0001982098015794742,-0.0077695344,0.013061991
depth,subj05,V1,V1d_lh,0.00012926226296150478,0.00012399636255921997,0.011669062,-0.0019687088
depth,subj05,V1,V1d_rh,5.0658323433872e-05,4.5392009057620974e-05,0.008721796,-0.002393318
depth,subj05,V1,V1v_lh,0.0029798130371672116,0.002974562149421933,0.005691313,0.034946326
depth,subj05,V1,V1v_rh,0.0021436444251409226,0.002138389133645835,0.003970613,0.035028942
depth,subj05,V2,V2d_lh,5.766230140069606e-05,5.239602391138298e-05,-0.0016191704,0.0063260067
depth,subj05,V2,V2d_rh,3.167607988252552e-05,2.640966553468793e-05,-0.0058714394,0.008370753
depth,subj05,V2,V2v_lh,0.0026151868880541773,0.002609934079975673,-0.009325167,0.043392815
depth,subj05,V2,V2v_rh,0.0010476296987945721,0.001042368635049029,-0.0047971676,0.029396424
depth,subj05,V3,V3d_lh,0.0001255121109209334,0.00012024619076822507,8.4576925e-05,0.007786186
depth,subj05,V3,V3d_rh,6.781427235946769e-05,6.254804833627503e-05,-0.0031216035,0.008341307
depth,subj05,V3,V3v_lh,0.0004985858049934011,0.0004933218496635527,-0.017251674,0.030027896
depth,subj05,V3,V3v_rh,0.00014487433614829293,0.00013960851796834817,-0.004443611,0.011511993
depth,subj05,V4,hV4_lh,0.00019750926976414007,0.00019224372879023122,-0.0039000597,0.012021082
depth,subj05,V4,hV4_rh,0.00015819706163844316,0.00015293131362359436,-0.007815003,0.01326785
depth,subj05,PPA,PPA_lh,0.0005878719251758424,0.0005826084400786247,0.0044575576,0.011606798
depth,subj05,PPA,PPA_rh,0.0009352916600400274,0.0009300300046569676,0.0022558088,0.015487184
depth,subj06,V1,V1d_lh,0.00012085567727970759,0.00011558973260350491,0.0034123547,0.0045444635
depth,subj06,V1,V1d_rh,0.00014891391316340652,0.00014364811625811047,0.015008279,-0.0042878063
depth,subj06,V1,V1v_lh,0.003155233919259648,0.0031499839553827957,0.0021462864,0.040692534
depth,subj06,V1,V1v_rh,0.0015529004287492265,0.0015476420260529533,-0.0069669727,0.030032279
depth,subj06,V2,V2d_lh,8.458487485418775e-05,7.931873915478782e-05,6.976546e-05,0.0064934827
depth,subj06,V2,V2d_rh,0.00024465530399597757,0.0002393900113205616,0.01818334,-0.003744849
depth,subj06,V2,V2v_lh,0.0017787053387355867,0.0017734481252591472,0.0052192044,0.023965035
depth,subj06,V2,V2v_rh,0.00048242074818549696,0.00047715670772108254,-0.0020081345,0.017169604
depth,subj06,V3,V3d_lh,4.154567279202048e-05,3.627931042315957e-05,0.0022693847,0.002041892
depth,subj06,V3,V3d_rh,7.149270222595039e-05,6.622649757548338e-05,0.0053210584,0.00053411414
depth,subj06,V3,V3v_lh,0.0006348083444301933,0.0006295451065274627,-0.00654939,0.020809863
depth,subj06,V3,V3v_rh,0.00022342490410109939,0.00021815949961401238,0.0013186533,0.009438226
depth,subj06,V4,hV4_lh,0.00022042176143410863,0.0002151563411306734,3.432647e-05,0.009334258
depth,subj06,V4,hV4_rh,0.0001248950025968254,0.00011962907919405019,0.0069017783,0.0009884897
depth,subj06,PPA,PPA_lh,0.0005212071384733674,0.0005159433022805526,0.014330413,-0.00020380804
depth,subj06,PPA,PPA_rh,0.000643653020664936,0.0006383898293433887,0.009356816,0.0055359765
depth,subj07,V1,V1d_lh,2.3101594077368226e-05,1.783513457120911e-05,0.003181131,0.0005884366
depth,subj07,V1,V1d_rh,6.187737075291633e-05,5.661111546262365e-05,0.013629772,-0.008011163
depth,subj07,V1,V1v_lh,0.0013683763800059756,0.0013631170054987374,-0.02232301,0.040484004
depth,subj07,V1,V1v_rh,0.0034855506816422466,0.003480302457405382,-0.033395026,0.06273847
depth,subj07,V2,V2d_lh,7.709089541174663e-06,2.4425489691948243e-06,0.0060894177,-0.0044689863
depth,subj07,V2,V2d_rh,4.99701814009601e-05,4.470386340038601e-05,0.0052492525,0.0005974301
depth,subj07,V2,V2v_lh,0.0010318653619948437,0.0010266042152249355,-0.017901175,0.03484139
depth,subj07,V2,V2v_rh,0.0013243078226079508,0.0013190482160101435,-0.02541035,0.04364409
depth,subj07,V3,V3d_lh,6.612808333139597e-07,-4.605296856530217e-06,0.00086816197,-0.00019424771
depth,subj07,V3,V3d_rh,3.151394107814287e-05,2.6247525876432753e-05,0.006381452,-0.0015581046
depth,subj07,V3,V3v_lh,0.00010779132747706921,0.0001025253139963489,-0.008485923,0.013709437
depth,subj07,V3,V3v_rh,0.0005510498026497501,0.0005457861236258799,-0.020242585,0.032574728
depth,subj07,V4,hV4_lh,9.943743131057836e-05,9.417137383338492e-05,0.00068104366,0.006197994
depth,subj07,V4,hV4_rh,0.00012717058233180367,0.00012190467091355295,-0.0073470306,0.012381136
depth,subj07,PPA,PPA_lh,0.0018020454295012422,0.0017967883389473638,0.022785768,0.0011776049
depth,subj07,PPA,PPA_rh,0.000735385628223395,0.0007301229200189496,0.0046350737,0.009140698
depth,subj08,V1,V1d_lh,6.0859297478899066e-05,5.559303682678429e-05,-0.0013380788,0.005881007
depth,subj08,V1,V1d_rh,1.3825997831395931e-05,8.559489474646576e-06,0.00057221885,0.0018252715
depth,subj08,V1,V1v_lh,0.0018888399879755102,0.0018835833545320924,-0.003638531,0.02936884
depth,subj08,V1,V1v_rh,0.000536834726047819,0.0005315709721590567,-0.014068034,0.022391275
depth,subj08,V2,V2d_lh,4.728123078445723e-05,4.201489862232233e-05,-0.0024586967,0.0060253786
depth,subj08,V2,V2d_rh,1.4150055415496077e-05,8.883548765381555e-06,0.0016898281,0.000998803
depth,subj08,V2,V2v_lh,0.0007963532620691716,0.0007910908749557688,-0.007732625,0.023347793
depth,subj08,V2,V2v_rh,0.0008572291641866236,0.0008519670976810945,-0.014313421,0.027924092
depth,subj08,V3,V3d_lh,3.56120164878293e-05,3.0345622868965805e-05,0.0022941665,0.001712999
depth,subj08,V3,V3d_rh,7.515091460963408e-05,6.988472922542233e-05,0.0038025596,0.0023663458
depth,subj08,V3,V3v_lh,0.00021957043794462727,0.0002143050131577784,-0.0036259198,0.012550805
depth,subj08,V3,V3v_rh,0.0001270460002845697,0.00012178008821017716,-0.0023468945,0.008046569
depth,subj08,V4,hV4_lh,0.0001505559131329548,0.00014529012487540793,0.0011971595,0.00563878
depth,subj08,V4,hV4_rh,0.00013269481628652713,0.00012742893396211485,-0.003983186,0.00930427
depth,subj08,PPA,PPA_lh,0.0003359852128346219,0.0003307204011555598,0.0030696886,0.0048996126
depth,subj08,PPA,PPA_rh,0.0009541771663472698,0.0009489156104263152,0.0035921296,0.012434801
normal,subj01,V1,V1d_lh,0.0011787387950774608,0.0011734784218284666,0.021803306,0.008656082
normal,subj01,V1,V1d_rh,0.0013652911726751427,0.0013600317819194574,0.026225254,0.0063475706
normal,subj01,V1,V1v_lh,0.004359853128412472,0.004354609508760321,0.03703477,0.022883102
normal,subj01,V1,V1v_rh,0.005713505737806712,0.0057082692472758545,0.044115182,0.02828698
normal,subj01,V2,V2d_lh,0.00029945333556435916,0.0002941883314871996,0.011000334,0.0058633545
normal,subj01,V2,V2d_rh,0.00036079744637262934,0.0003555327653691487,0.019676153,0.0020834478
normal,subj01,V2,V2v_lh,0.0023085568423587555,0.0023033024193881424,0.031111969,0.01636419
normal,subj01,V2,V2v_rh,0.002559935823631898,0.0025546827245691572,0.019455435,0.027811652
normal,subj01,V3,V3d_lh,0.0001763180654573704,0.00017105241287818096,0.0105488105,0.0035305864
normal,subj01,V3,V3d_rh,0.00033540080671423667,0.00033013599195730325,0.015829232,0.0036772361
normal,subj01,V3,V3v_lh,0.0011156626486127363,0.0011104019431680268,0.024962382,0.00843419
normal,subj01,V3,V3v_rh,0.0017054315171922685,0.0017001739178132969,0.02413672,0.0150526725
normal,subj01,V4,hV4_lh,0.0006380716240442785,0.0006328084033278003,0.013643104,0.00749795
normal,subj01,V4,hV4_rh,0.0013500357328457557,0.0013447762617460057,0.0209039,0.0104803145
normal,subj01,PPA,PPA_lh,0.0007715966537651386,0.0007663341362690312,0.02534043,-0.0060981284
normal,subj01,PPA,PPA_rh,0.0014906729551119602,0.0014854142246896185,0.039383158,-0.011825568
normal,subj02,V1,V1d_lh,0.0005455444642953333,0.0005402807562771006,0.0248943,-0.002303293
normal,subj02,V1,V1d_rh,0.0008849288612825523,0.0008796669406596624,0.015049584,0.016207501
normal,subj02,V1,V1v_lh,0.001361373707633562,0.001356114296246158,0.021174468,0.012663802
normal,subj02,V1,V1v_rh,0.004287750701332027,0.004282506701946742,0.0448643,0.023428619
normal,subj02,V2,V2d_lh,0.0001519813443873197,0.0001467155636369899,0.014382932,-0.0024348332
normal,subj02,V2,V2d_rh,0.00016489671023078856,0.00015963099750015974,0.009667205,0.004500868
normal,subj02,V2,V2v_lh,0.0016652278682458554,0.0016599700571311438,0.037459157,0.007105317
normal,subj02,V2,V2v_rh,0.0026651586630926927,0.002659906118194555,0.032566473,0.0116232885
normal,subj02,V3,V3d_lh,0.00014069253595028197,0.00013542669574651,0.013293751,-0.00022594034
normal,subj02,V3,V3d_rh,0.0001669657466928376,0.00016170004485904776,0.008851082,0.005570814
normal,subj02,V3,V3v_lh,0.00041712838567442567,0.0004118640013424102,0.0089902915,0.010081944
normal,subj02,V3,V3v_rh,0.0012871851883847762,0.0012819253862774715,0.012262629,0.025232127
normal,subj02,V4,hV4_lh,0.0003501520328980101,0.00034488729582948796,0.0086347,0.00907049
normal,subj02,V4,hV4_rh,0.0009349257661253052,0.0009296641088152313,0.008468976,0.021182397
normal,subj02,PPA,PPA_lh,0.0013238796641581452,0.001318620055305364,0.0226579,0.0072910213
normal,subj02,PPA,PPA_rh,0.0018976237615202507,0.0018923671743373838,0.025986494,0.007183132
normal,subj03,V1,V1d_lh,0.00045084195927769244,0.00044557775250098075,0.0092100585,0.011519689
normal,subj03,V1,V1d_rh,0.0010330901545620996,0.0010278290142428093,0.020354966,0.011265878
normal,subj03,V1,V1v_lh,0.00219367718677832,0.0021884221587846753,0.034229886,0.010009352
normal,subj03,V1,V1v_rh,0.002048412914335662,0.002043157121296102,0.029282464,0.012962668
normal,subj03,V2,V2d_lh,0.00018307556578744943,0.00017780994879723622,0.0029010791,0.0087439595
normal,subj03,V2,V2d_rh,0.0003176607402812781,0.00031239583209496935,0.014249264,0.0041615567
normal,subj03,V2,V2v_lh,0.002243837804833282,0.0022385830410146523,0.03519279,0.0079573
normal,subj03,V2,V2v_rh,0.001529847436172238,0.0015245889120654166,0.021453626,0.013250223
normal,subj03,V3,V3d_lh,0.00011691751218567692,0.00011165154676873179,0.0032199603,0.006652282
normal,subj03,V3,V3d_rh,0.0002710300275989841,0.00026576487382812264,0.0062495028,0.009229195
normal,subj03,V3,V3v_lh,0.0002197788627127384,0.000214513439023456,0.009813411,0.004363888
normal,subj03,V3,V3v_rh,0.0006114971342108255,0.0006062337735375234,0.0118905045,0.012093972
normal,subj03,V4,hV4_lh,0.00021943754705855412,0.00021417212157170962,0.008225657,0.004851964
normal,subj03,V4,hV4_rh,0.00024893459273978014,0.0002436693226015585,0.007171674,0.007315453
normal,subj03,PPA,PPA_lh,0.0010356270197094952,0.0010303658927508508,0.020709468,0.00057150604
normal,subj03,PPA,PPA_rh,0.0010549941894170134,0.0010497331644570007,0.023585845,-0.0019768563
normal,subj04,V1,V1d_lh,0.0008750544845956831,0.0008697925119686145,0.021803323,0.0045081223
normal,subj04,V1,V1d_rh,0.0016799701848105864,0.0016747124513374345,0.035879966,0.0061249086
normal,subj04,V1,V1v_lh,0.003578774767640125,0.003573527034375523,0.054108046,0.00015297638
normal,subj04,V1,V1v_rh,0.006883396676488851,0.006878166347283776,0.0720408,0.012674039
normal,subj04,V2,V2d_lh,0.0005408330906568892,0.000535569357825727,0.018596744,0.00546591
normal,subj04,V2,V2d_rh,0.0005547611202725289,0.000549497460794468,0.022253733,0.0014968666
normal,subj04,V2,V2v_lh,0.0023028452872957406,0.002297590834244856,0.05127454,-0.0007809184
normal,subj04,V2,V2v_rh,0.004281948327065743,0.004276704297121681,0.061847065,0.0014070801
normal,subj04,V3,V3d_lh,0.00037944619902086085,0.00037418161623259394,0.013148821,0.0068839625
normal,subj04,V3,V3d_rh,0.0004710466981182604,0.0004657825977514296,0.02334466,-0.0010480285
normal,subj04,V3,V3v_lh,0.00027122748672403496,0.00026596233399323044,0.014602734,0.0011865397
normal,subj04,V3,V3v_rh,0.0007645605579040815,0.0007592980033517271,0.023703743,0.0035319927
normal,subj04,V4,hV4_lh,0.00016300267106594823,0.0001577369483602986,0.006430004,0.00492303
normal,subj04,V4,hV4_rh,0.00032134368665681645,0.0003160787978669921,0.013400757,0.0010311006
normal,subj04,PPA,PPA_lh,0.0002476953048418107,0.00024243002817680992,0.006179755,0.005860692
normal,subj04,PPA,PPA_rh,0.0004891691102243412,0.0004839051053007193,0.008607022,0.008218154
normal,subj05,V1,V1d_lh,0.0012143056850583145,0.0012090454991252608,0.022347527,0.014745134
normal,subj05,V1,V1d_rh,0.0011241373427081092,0.0011188766818962526,0.023006612,0.014106815
normal,subj05,V1,V1v_lh,0.004880029005460362,0.004874788125356799,0.038996015,0.03518452
normal,subj05,V1,V1v_rh,0.004129191166610147,0.004123946332158068,0.0620135,0.015771631
normal,subj05,V2,V2d_lh,0.00061727118000654,0.0006120078497429127,0.00022046304,0.0224863
normal,subj05,V2,V2d_rh,0.0003899418158992418,0.0003846772883869809,0.0031957417,0.017610645
normal,subj05,V2,V2v_lh,0.004372154577738319,0.004366911022872788,0.028392715,0.0397309
normal,subj05,V2,V2v_rh,0.002150338715727673,0.002145083459488606,0.03201158,0.022093825
normal,subj05,V3,V3d_lh,0.0008245199375801482,0.0008192576988088618,0.005291295,0.023166018
normal,subj05,V3,V3d_rh,0.0005578810275138624,0.0005526173844671023,0.0078578275,0.016818864
normal,subj05,V3,V3v_lh,0.0008774011251645453,0.0008721391648963683,0.014335266,0.0192972
normal,subj05,V3,V3v_rh,0.000692960538887677,0.0006876976072481833,0.0051991297,0.02005396
normal,subj05,V4,hV4_lh,0.0006846878204354034,0.0006794248452268725,0.0042772633,0.01948693
normal,subj05,V4,hV4_rh,0.0005256909445234825,0.0005204271319450005,-0.0032576604,0.021279516
normal,subj05,PPA,PPA_lh,0.0011893465746465326,0.001184086257264294,0.02736168,0.0042234478
normal,subj05,PPA,PPA_rh,0.00157227892777001,0.0015670206271320986,0.038519733,-0.007451393
normal,subj06,V1,V1d_lh,0.0006282773049086643,0.00062301403260967,0.013956658,0.010612554
normal,subj06,V1,V1d_rh,0.0009461288884690111,0.0009408672901610737,0.025187088,0.008416541
normal,subj06,V1,V1v_lh,0.004530916538743046,0.004525673820010345,0.0424288,0.03228458
normal,subj06,V1,V1v_rh,0.00539179714724114,0.0053865589624060295,0.035208825,0.032190304
normal,subj06,V2,V2d_lh,0.00027794130518787874,0.00027267618781579017,0.01346234,0.003981454
normal,subj06,V2,V2d_rh,0.0006417401036528103,0.0006364769022567662,0.026970098,0.0017500927
normal,subj06,V2,V2v_lh,0.003194391169193622,0.003189141411541585,0.032092687,0.023385895
normal,subj06,V2,V2v_rh,0.0018732318707922468,0.0018679751551474721,0.02308818,0.022004638
normal,subj06,V3,V3d_lh,0.0002325744907644145,0.00022730913446433743,0.0110177165,0.0025386312
normal,subj06,V3,V3d_rh,0.00044030972994157924,0.0004350454676960158,0.01415559,0.0042843875
normal,subj06,V3,V3v_lh,0.0009509858885243805,0.0009457243157963147,0.020491766,0.007959308
normal,subj06,V3,V3v_rh,0.0011928553957435417,0.0011875950968408544,0.02434696,0.011347913
normal,subj06,V4,hV4_lh,0.0005438715825519802,0.0005386078657232396,0.013166695,0.008483496
normal,subj06,V4,hV4_rh,0.00032838747869179397,0.0003231226269986287,0.011093593,0.005231434
normal,subj06,PPA,PPA_lh,0.0013421331044149998,0.001336873591695431,0.036677796,-0.010798822
normal,subj06,PPA,PPA_rh,0.001324316147540694,0.0013190565409867405,0.034932993,-0.00912479
normal,subj07,V1,V1d_lh,0.00045511861898384076,0.0004498544347304456,0.015917573,0.0054705245
normal,subj07,V1,V1d_rh,0.0006862867527176464,0.0006810237859300461,0.015306058,0.010714912
normal,subj07,V1,V1v_lh,0.0027004806026910133,0.002695228243818848,0.032752275,0.017002057
normal,subj07,V1,V1v_rh,0.004368408634877863,0.004363165060284002,0.04105382,0.021681536
normal,subj07,V2,V2d_lh,5.878362121236602e-05,5.351734962855126e-05,0.006583923,0.001758529
normal,subj07,V2,V2d_rh,0.00027626519224388524,0.0002710000660445244,0.011582403,0.005920746
normal,subj07,V2,V2v_lh,0.0019591363716646715,0.0019538801084428847,0.02707409,0.016659983
normal,subj07,V2,V2v_rh,0.003441519569246654,0.003436271113116285,0.033216685,0.026180966
normal,subj07,V3,V3d_lh,5.264843398433694e-05,4.738213008903536e-05,0.0031501953,0.0042663356
normal,subj07,V3,V3d_rh,0.0002088421873646107,0.00020357670607651368,0.010323015,0.005140048
normal,subj07,V3,V3v_lh,0.0005425720446580184,0.000537308320985308,0.010022257,0.014662786
normal,subj07,V3,V3v_rh,0.001470177383788851,0.0014649185454249647,0.026777955,0.016315399
normal,subj07,V4,hV4_lh,0.0002540211623839328,0.00024875591903450456,0.010696989,0.0051693907
normal,subj07,V4,hV4_rh,0.0004524981454223642,0.0004472339473681197,0.008068302,0.011231967
normal,subj07,PPA,PPA_lh,0.0010737726673963888,0.00106851174133471,0.030866235,-0.009938411
normal,subj07,PPA,PPA_rh,0.0006040436728247389,0.0005987802728972813,0.017932607,-0.0012657887
normal,subj08,V1,V1d_lh,0.00047259963913204306,0.0004673355469437812,0.012485812,0.007400102
normal,subj08,V1,V1d_rh,0.000557608844738211,0.000552345200258042,0.012164108,0.009178408
normal,subj08,V1,V1v_lh,0.005201447549450067,0.005196208362123311,0.045820087,0.018989062
normal,subj08,V1,V1v_rh,0.0017377207062381217,0.001732463276912788,0.01654621,0.015713561
normal,subj08,V2,V2d_lh,0.0001929006882660511,0.00018763512302066854,0.005901113,0.006418231
normal,subj08,V2,V2d_rh,0.00016053329647558456,0.0001552675607646714,0.004277887,0.007436781
normal,subj08,V2,V2v_lh,0.002340268025524006,0.0023350137695630213,0.034634132,0.009252171
normal,subj08,V2,V2v_rh,0.0027300640489194006,0.0027248118458508275,0.022388592,0.022848582
normal,subj08,V3,V3d_lh,8.408284005523292e-05,7.881670171183686e-05,0.0021762229,0.005763936
normal,subj08,V3,V3d_rh,0.0001562101077058342,0.0001509443492265783,0.006525528,0.0051653795
normal,subj08,V3,V3v_lh,0.0004988837762568421,0.000493619822496183,0.01805741,0.003490261
normal,subj08,V3,V3v_rh,0.0008585690283421377,0.000853306968893186,0.009284187,0.014307711
normal,subj08,V4,hV4_lh,0.0006894157067095508,0.0006841527564007688,0.017117912,0.003560891
normal,subj08,V4,hV4_rh,0.0011691898988444027,0.0011639294753055252,0.023488615,0.003856809
normal,subj08,PPA,PPA_lh,0.0005628288671917225,0.0005575652502031181,0.01636185,-0.003072303
normal,subj08,PPA,PPA_rh,0.0014179880861474592,0.0014127289729243264,0.034813806,-0.009740515
segment_unsup25d,subj01,V1,V1d_lh,0.002265163725038377,0.0022599090735345717,0.04973867,0.06247738
segment_unsup25d,subj01,V1,V1d_rh,0.002494049387885,0.0024887959418259387,0.026152454,0.088181324
segment_unsup25d,subj01,V1,V1v_lh,0.002884460192727256,0.002879208802798461,0.10122352,0.027458025
segment_unsup25d,subj01,V1,V1v_rh,0.002935185051040179,0.0029299339282580217,0.10911917,0.027763652
segment_unsup25d,subj01,V2,V2d_lh,0.001427599440607552,0.0014223403780033728,-0.0150584215,0.10127957
segment_unsup25d,subj01,V2,V2d_rh,0.003372966042906156,0.0033677172257331467,-0.017444791,0.1781475
segment_unsup25d,subj01,V2,V2v_lh,0.0029070976134337734,0.0029018463427268326,0.039401375,0.09961875
segment_unsup25d,subj01,V2,V2v_rh,0.002231920614134797,0.0022266657875533724,0.050942477,0.06752491
segment_unsup25d,subj01,V3,V3d_lh,0.0013829294054237273,0.0013776701075611797,-0.025831874,0.115000404
segment_unsup25d,subj01,V3,V3d_rh,0.002352920794390534,0.0023476666050663564,-0.019728046,0.14172502
segment_unsup25d,subj01,V3,V3v_lh,0.003054307569709369,0.0030490570742957024,0.0034132523,0.13361654
segment_unsup25d,subj01,V3,V3v_rh,0.0019967573852381904,0.0019915013201504683,0.028606525,0.08167396
segment_unsup25d,subj01,V4,hV4_lh,0.0013854549524565662,0.0013801956678950456,0.018171726,0.06236289
segment_unsup25d,subj01,V4,hV4_rh,0.0021748426974209645,0.0021695875702339995,0.015500015,0.08605758
segment_unsup25d,subj01,PPA,PPA_lh,0.0019983492994619656,0.001993093242758315,0.040155314,0.048689112
segment_unsup25d,subj01,PPA,PPA_rh,0.0036164065116111033,0.0036111589765369656,0.0072528976,0.111508965
segment_unsup25d,subj02,V1,V1d_lh,0.0021605761781776645,0.002155320975854913,0.043681685,0.07911766
segment_unsup25d,subj02,V1,V1d_rh,0.0012686050515707814,0.0012633451516097516,0.070822075,0.029233774
segment_unsup25d,subj02,V1,V1v_lh,0.001991732894980669,0.001986476803431114,0.056503497,0.052648123
segment_unsup25d,subj02,V1,V1v_rh,0.003335903696449427,0.0033306546840845552,0.14450362,0.011417365
segment_unsup25d,subj02,V2,V2d_lh,0.0020053624140328186,0.0020001063942642894,0.027479667,0.091037735
segment_unsup25d,subj02,V2,V2d_rh,0.0009547505949747404,0.0009494890420737034,0.023986159,0.06480307
segment_unsup25d,subj02,V2,V2v_lh,0.002833761670558932,0.0028285100136222763,0.018605836,0.12969069
segment_unsup25d,subj02,V2,V2v_rh,0.0026301868717664156,0.002624934142686497,0.0393447,0.07622849
segment_unsup25d,subj02,V3,V3d_lh,0.0012011292324402012,0.0011958689771123243,0.008678618,0.08964313
segment_unsup25d,subj02,V3,V3d_rh,0.0008421446725701554,0.0008368825266208413,0.019881489,0.06404359
segment_unsup25d,subj02,V3,V3v_lh,0.0012309611257970143,0.0012257010275812386,0.022927057,0.06292396
segment_unsup25d,subj02,V3,V3v_rh,0.0027054738615022167,0.00270022152892746,0.009513388,0.12935813
segment_unsup25d,subj02,V4,hV4_lh,0.0006903977571237618,0.0006851348119871759,0.013866181,0.050639883
segment_unsup25d,subj02,V4,hV4_rh,0.001040900488970986,0.0010356393897853478,0.018783951,0.064230904
segment_unsup25d,subj02,PPA,PPA_lh,0.0022529771083016348,0.0022477223926159473,0.029528847,0.07268655
segment_unsup25d,subj02,PPA,PPA_rh,0.0035425485599681616,0.003537300635915175,0.028772367,0.08910274
segment_unsup25d,subj03,V1,V1d_lh,0.0010038019983252822,0.000998540703757489,0.05342516,0.029770402
segment_unsup25d,subj03,V1,V1d_rh,0.0006586402915190748,0.0006533771791291665,0.05679822,0.009244059
segment_unsup25d,subj03,V1,V1v_lh,0.0019041847279811508,0.0018989281753519771,0.09096153,0.01742443
segment_unsup25d,subj03,V1,V1v_rh,0.0011865247960655134,0.0011812644638220515,0.093033545,-0.0143853715
segment_unsup25d,subj03,V2,V2d_lh,0.000691975100243658,0.0006867121634140938,0.009882458,0.049816877
segment_unsup25d,subj03,V2,V2d_rh,0.0008089090800305065,0.0008036467590433194,0.009596317,0.06511577
segment_unsup25d,subj03,V2,V2v_lh,0.0029966378692534157,0.0029913870701174794,0.044911526,0.086839244
segment_unsup25d,subj03,V2,V2v_rh,0.0016865928822310527,0.0016813351836368895,0.032134723,0.063657336
segment_unsup25d,subj03,V3,V3d_lh,0.00021612894346512146,0.0002108635005533266,0.007630801,0.027732678
segment_unsup25d,subj03,V3,V3d_rh,0.0008349482114468065,0.0008296860275968099,0.012412591,0.05804006
segment_unsup25d,subj03,V3,V3v_lh,0.0009525679179358537,0.0009473063535395676,0.0058608255,0.0682037
segment_unsup25d,subj03,V3,V3v_rh,0.0015246856106001516,0.0015194270593081871,0.008146139,0.08748496
segment_unsup25d,subj03,V4,hV4_lh,0.0006526179979169378,0.0006473548538100671,0.0022197845,0.053838138
segment_unsup25d,subj03,V4,hV4_rh,0.0006611111482243137,0.0006558480488473295,0.0035785332,0.055692736
segment_unsup25d,subj03,PPA,PPA_lh,0.003852992412074596,0.003847746122999318,-0.016579555,0.11466229
segment_unsup25d,subj03,PPA,PPA_rh,0.005389185291640786,0.005383947093050123,-0.01912567,0.13800359
segment_unsup25d,subj04,V1,V1d_lh,0.0014229607883866624,0.0014177017013525806,0.031808764,0.057088878
segment_unsup25d,subj04,V1,V1d_rh,0.001650842700036237,0.0016455848131609052,0.07309383,0.038686175
segment_unsup25d,subj04,V1,V1v_lh,0.003655176849261532,0.003649929518374617,0.074979946,0.07430834
segment_unsup25d,subj04,V1,V1v_rh,0.005293462374957647,0.005288223672234471,0.13418916,0.06501322
segment_unsup25d,subj04,V2,V2d_lh,0.0019915460922307338,0.0019862899996974104,-0.015956448,0.12529302
segment_unsup25d,subj04,V2,V2d_rh,0.002439841838795198,0.002434588107247837,0.008519778,0.11792368
segment_unsup25d,subj04,V2,V2v_lh,0.005155835950428567,0.005150596522884521,0.02994481,0.16726997
segment_unsup25d,subj04,V2,V2v_rh,0.0063180704597392,0.006312837153197637,0.061550908,0.14330551
segment_unsup25d,subj04,V3,V3d_lh,0.0011413407948311916,0.0011360802246226376,0.0070533827,0.080147535
segment_unsup25d,subj04,V3,V3d_rh,0.0013776726450369647,0.0013724133194892296,0.01546606,0.08454908
segment_unsup25d,subj04,V3,V3v_lh,0.0013603976453071542,0.0013551382287791958,0.028424993,0.06535148
segment_unsup25d,subj04,V3,V3v_rh,0.0020053646884925502,0.0020001086687359004,0.04175162,0.07544595
segment_unsup25d,subj04,V4,hV4_lh,0.0006316549098778212,0.0006263916553672644,0.008242767,0.04873519
segment_unsup25d,subj04,V4,hV4_rh,0.0009573333593380084,0.000952071820039313,0.02144195,0.044824634
segment_unsup25d,subj04,PPA,PPA_lh,0.00040801784157407095,0.00040275340926076986,0.019729363,0.021569235
segment_unsup25d,subj04,PPA,PPA_rh,0.0013226591889222705,0.001317399573641742,0.0040611997,0.06529877
segment_unsup25d,subj05,V1,V1d_lh,0.0027243538404920775,0.002719101607350116,0.08095878,0.06737256
segment_unsup25d,subj05,V1,V1d_rh,0.0022177599936875625,0.0022125050925281275,0.08534973,0.053780787
segment_unsup25d,subj05,V1,V1v_lh,0.0034656822093446227,0.003460433880468794,0.14421856,0.019323317
segment_unsup25d,subj05,V1,V1v_rh,0.0047920720403119565,0.00478683069697583,0.1374832,0.086920775
segment_unsup25d,subj05,V2,V2d_lh,0.0025491493588882808,0.002543896203017759,0.016990304,0.10929858
segment_unsup25d,subj05,V2,V2d_rh,0.002043661834360111,0.002038406016298455,0.01758804,0.1092699
segment_unsup25d,subj05,V2,V2v_lh,0.005573368381495136,0.005568131152919542,0.10169032,0.10545029
segment_unsup25d,subj05,V2,V2v_rh,0.004107584810362108,0.004102339862118498,0.09621498,0.103049226
segment_unsup25d,subj05,V3,V3d_lh,0.0019739410486743214,0.0019686848634226095,0.015360845,0.10109253
segment_unsup25d,subj05,V3,V3d_rh,0.0014506687994633172,0.0014454098583557284,0.032614823,0.073845245
segment_unsup25d,subj05,V3,V3v_lh,0.0027012731112363575,0.0026960207565379646,0.040719986,0.11435542
segment_unsup25d,subj05,V3,V3v_rh,0.0015449481015357147,0.0015396896569577212,0.036133677,0.0669615
segment_unsup25d,subj05,V4,hV4_lh,0.001188397894565818,0.0011831375721872428,0.030927343,0.055127013
segment_unsup25d,subj05,V4,hV4_rh,0.0012037330328450446,0.0011984727912301985,0.04294014,0.039000463
segment_unsup25d,subj05,PPA,PPA_lh,0.0026252120006737822,0.0026199592453933773,0.032252017,0.090794064
segment_unsup25d,subj05,PPA,PPA_rh,0.0035018315116800425,0.0034965833731874785,0.027382769,0.099742614
segment_unsup25d,subj06,V1,V1d_lh,0.0016496661740166285,0.00164440828094492,0.031884775,0.072494924
segment_unsup25d,subj06,V1,V1d_rh,0.0014809793351752143,0.001475720553700599,0.055661082,0.056518197
segment_unsup25d,subj06,V1,V1v_lh,0.0028716845285634562,0.0028664330713505937,0.12813334,0.028558964
segment_unsup25d,subj06,V1,V1v_rh,0.0020411473257356816,0.0020358914944312856,0.110039435,-0.0047989776
segment_unsup25d,subj06,V2,V2d_lh,0.0011160497523734492,0.0011107890489675531,0.007002535,0.08091606
segment_unsup25d,subj06,V2,V2d_rh,0.0019111497546023815,0.0019058932386551986,0.015879333,0.11160687
segment_unsup25d,subj06,V2,V2v_lh,0.0027355612907550286,0.0027303091166380744,0.08055969,0.056632943
segment_unsup25d,subj06,V2,V2v_rh,0.0012833534936217417,0.0012780936713345792,0.06261467,0.037355106
segment_unsup25d,subj06,V3,V3d_lh,0.0007178971066486017,0.0007126343063394991,0.015231118,0.04682584
segment_unsup25d,subj06,V3,V3d_rh,0.000872728308414783,0.0008674663235367364,0.0035293913,0.0613674
segment_unsup25d,subj06,V3,V3v_lh,0.0019009759380053115,0.001895719368476878,0.027481733,0.077220276
segment_unsup25d,subj06,V3,V3v_rh,0.0018102859669757443,0.001805028919821261,0.030279718,0.08414533
segment_unsup25d,subj06,V4,hV4_lh,0.0008064981475066624,0.0008012358138221876,0.016019007,0.05227419
segment_unsup25d,subj06,V4,hV4_rh,0.0005023343302995587,0.0004970703947115851,0.031233588,0.02266007
segment_unsup25d,subj06,PPA,PPA_lh,0.002684822347836069,0.0026795699064983136,0.0068816636,0.094272956
segment_unsup25d,subj06,PPA,PPA_rh,0.0022219203742238625,0.002216665494975456,0.018993964,0.074669726
segment_unsup25d,subj07,V1,V1d_lh,0.0010841811136507173,0.0010789202424060784,0.028486462,0.05830929
segment_unsup25d,subj07,V1,V1d_rh,0.0008399050356208138,0.0008346428778763793,0.044254046,0.03264906
segment_unsup25d,subj07,V1,V1v_lh,0.002199773505719649,0.0021945185098328768,0.07637968,0.043366715
segment_unsup25d,subj07,V1,V1v_rh,0.0033449009830948118,0.0033396520181149247,0.10070933,0.045348078
segment_unsup25d,subj07,V2,V2d_lh,0.000329157696021376,0.0003238928483846326,0.00090906443,0.048052095
segment_unsup25d,subj07,V2,V2d_rh,0.0008367456391280559,0.0008314834647443758,0.003399752,0.07240025
segment_unsup25d,subj07,V2,V2v_lh,0.0030212861965278615,0.0030160355272043082,0.04257718,0.09951787
segment_unsup25d,subj07,V2,V2v_rh,0.0033065070573975452,0.0033012578902128498,0.04381106,0.1084944
segment_unsup25d,subj07,V3,V3d_lh,0.0002547268277546255,0.00024946158812166885,0.009536477,0.033061996
segment_unsup25d,subj07,V3,V3d_rh,0.0009777323614139632,0.0009724709295483303,0.017131796,0.06894738
segment_unsup25d,subj07,V3,V3v_lh,0.0011149753200845325,0.0011097146110201628,0.022042707,0.07073727
segment_unsup25d,subj07,V3,V3v_rh,0.002306998177822095,0.002301743746642826,0.00877632,0.12624218
segment_unsup25d,subj07,V4,hV4_lh,0.0005411046765858574,0.0005358409451849955,0.017790152,0.042731993
segment_unsup25d,subj07,V4,hV4_rh,0.001020281079413432,0.001015019871633993,0.0050004646,0.068321556
segment_unsup25d,subj07,PPA,PPA_lh,0.006508897587888529,0.006503665286353488,-0.02768665,0.16148102
segment_unsup25d,subj07,PPA,PPA_rh,0.001384456066761186,0.0013791967769389846,-6.628455e-05,0.06416199
segment_unsup25d,subj08,V1,V1d_lh,0.0015421152237140578,0.0015368567642165543,0.04980986,0.045991767
segment_unsup25d,subj08,V1,V1d_rh,0.0008811023495023385,0.0008758404087269023,0.054450765,0.016617073
segment_unsup25d,subj08,V1,V1v_lh,0.003570544759250893,0.0035652969826421854,0.09755845,0.045425043
segment_unsup25d,subj08,V1,V1v_rh,0.0008788043096328302,0.0008735423567545197,0.05848378,0.00041161734
segment_unsup25d,subj08,V2,V2d_lh,0.0007004902826464043,0.0006952273906628559,0.009665435,0.050649
segment_unsup25d,subj08,V2,V2d_rh,0.000557501780209968,0.0005522381351658057,0.008792581,0.047807053
segment_unsup25d,subj08,V2,V2v_lh,0.0029351763604750225,0.002929925237647124,0.0467453,0.08321138
segment_unsup25d,subj08,V2,V2v_rh,0.0017136616723608666,0.0017084041163265562,0.06915132,0.026482759
segment_unsup25d,subj08,V3,V3d_lh,0.0009400566241701824,0.0009347949938822708,0.0055183177,0.06297136
segment_unsup25d,subj08,V3,V3d_rh,0.001140487235956722,0.001135226661252875,0.018283233,0.06350686
segment_unsup25d,subj08,V3,V3v_lh,0.0010177281397121263,0.0010124669184875534,0.0044732564,0.072821535
segment_unsup25d,subj08,V3,V3v_rh,0.0005773279634292416,0.0005720644228013327,0.027465498,0.02481752
segment_unsup25d,subj08,V4,hV4_lh,0.0014464813469926563,0.0014412223838314864,0.0024166089,0.072292805
segment_unsup25d,subj08,V4,hV4_rh,0.0010668335424603992,0.0010615725798532871,0.014673727,0.053250898
segment_unsup25d,subj08,PPA,PPA_lh,0.0013326422219297474,0.0013273826592256066,-0.00493446,0.0569403
segment_unsup25d,subj08,PPA,PPA_rh,0.0026300598619328763,0.0026248071321841593,0.0092855655,0.08510857
