Subject,ROI_Group,ROI,R
subj01,V1,V1d_lh,0.060278354935387475
subj01,V1,V1d_rh,0.05439516461443349
subj01,V1,V1v_lh,0.09168807531216015
subj01,V1,V1v_rh,0.09756166499966173
subj01,V2,V2d_lh,0.03353025662242567
subj01,V2,V2d_rh,0.042941386027874895
subj01,V2,V2v_lh,0.07411707525891999
subj01,V2,V2v_rh,0.07270849392150876
subj01,V3,V3d_lh,0.028681392635055727
subj01,V3,V3d_rh,0.036455151940983414
subj01,V3,V3v_lh,0.058901008576363365
subj01,V3,V3v_rh,0.05760914129847155
subj01,V4,hV4_lh,0.04472073603595984
subj01,V4,hV4_rh,0.059260644998218336
subj01,PPA,PPA_lh,0.04889720823849682
subj01,PPA,PPA_rh,0.05475740295129041
subj02,V1,V1d_lh,0.045859905250429676
subj02,V1,V1d_rh,0.04386776724571523
subj02,V1,V1v_lh,0.06192562837155673
subj02,V1,V1v_rh,0.09268179260559409
subj02,V2,V2d_lh,0.037478653092559905
subj02,V2,V2d_rh,0.029120843577693355
subj02,V2,V2v_lh,0.06482184328871597
subj02,V2,V2v_rh,0.0703173956857786
subj02,V3,V3d_lh,0.02948010253918776
subj02,V3,V3d_rh,0.028805134731335027
subj02,V3,V3v_lh,0.04700080377203205
subj02,V3,V3v_rh,0.06140202872534591
subj02,V4,hV4_lh,0.03535322123566243
subj02,V4,hV4_rh,0.048074509545414174
subj02,PPA,PPA_lh,0.05427440927937652
subj02,PPA,PPA_rh,0.06480087869248305
subj03,V1,V1d_lh,0.03651452557840183
subj03,V1,V1d_rh,0.03868527131573838
subj03,V1,V1v_lh,0.0675257948789718
subj03,V1,V1v_rh,0.05588940419828584
subj03,V2,V2d_lh,0.023556734374488495
subj03,V2,V2d_rh,0.02644120720986577
subj03,V2,V2v_lh,0.07327290550431034
subj03,V2,V2v_rh,0.055264309165901755
subj03,V3,V3d_lh,0.016314988646982106
subj03,V3,V3d_rh,0.027476787525553943
subj03,V3,V3v_lh,0.0293730539674414
subj03,V3,V3v_rh,0.039330204643013594
subj03,V4,hV4_lh,0.027804082012329253
subj03,V4,hV4_rh,0.026554193051691117
subj03,PPA,PPA_lh,0.0515178204291451
subj03,PPA,PPA_rh,0.055871466204817
subj04,V1,V1d_lh,0.039189631063885955
subj04,V1,V1d_rh,0.05250134369607101
subj04,V1,V1v_lh,0.07764007576328569
subj04,V1,V1v_rh,0.10814358454395398
subj04,V2,V2d_lh,0.033778861463531755
subj04,V2,V2d_rh,0.0409370073054449
subj04,V2,V2v_lh,0.07485587719248997
subj04,V2,V2v_rh,0.09702913130917291
subj04,V3,V3d_lh,0.027771742267222274
subj04,V3,V3d_rh,0.034003978409901554
subj04,V3,V3v_lh,0.03533884425669414
subj04,V3,V3v_rh,0.04853462870809583
subj04,V4,hV4_lh,0.022018225457108413
subj04,V4,hV4_rh,0.03158821789353175
subj04,PPA,PPA_lh,0.02635720574693455
subj04,PPA,PPA_rh,0.033876416757797866
subj05,V1,V1d_lh,0.054033368367140046
subj05,V1,V1d_rh,0.051313319976604835
subj05,V1,V1v_lh,0.09405012789500235
subj05,V1,V1v_rh,0.08991907994312656
subj05,V2,V2d_lh,0.0442646948551777
subj05,V2,V2d_rh,0.03799966156038001
subj05,V2,V2v_lh,0.10026120251405271
subj05,V2,V2v_rh,0.07879197736111133
subj05,V3,V3d_lh,0.045228321616700214
subj05,V3,V3d_rh,0.03689762463327362
subj05,V3,V3v_lh,0.053800516213427595
subj05,V3,V3v_rh,0.04836148167213591
subj05,V4,hV4_lh,0.04167394212282528
subj05,V4,hV4_rh,0.04271523152095568
subj05,PPA,PPA_lh,0.05216984548329162
subj05,PPA,PPA_rh,0.057091853984976564
subj06,V1,V1d_lh,0.04144135311504188
subj06,V1,V1d_rh,0.04594299506553945
subj06,V1,V1v_lh,0.09088016495469536
subj06,V1,V1v_rh,0.08780036379908242
subj06,V2,V2d_lh,0.028947844627017806
subj06,V2,V2d_rh,0.03961961985720533
subj06,V2,V2v_lh,0.08204099358306763
subj06,V2,V2v_rh,0.059111094948176464
subj06,V3,V3d_lh,0.024187906627312048
subj06,V3,V3d_rh,0.028134392571927964
subj06,V3,V3v_lh,0.053309687404297104
subj06,V3,V3v_rh,0.04782645739758177
subj06,V4,hV4_lh,0.03701538252278516
subj06,V4,hV4_rh,0.028275825260370827
subj06,PPA,PPA_lh,0.047361731849778585
subj06,PPA,PPA_rh,0.050177433670578205
subj07,V1,V1d_lh,0.03591228318153201
subj07,V1,V1d_rh,0.03527209697966649
subj07,V1,V1v_lh,0.07365171910925608
subj07,V1,V1v_rh,0.08917522445970674
subj07,V2,V2d_lh,0.016040574028840144
subj07,V2,V2d_rh,0.02608059014118042
subj07,V2,V2v_lh,0.07126769701944627
subj07,V2,V2v_rh,0.07854535592598134
subj07,V3,V3d_lh,0.013798296507840594
subj07,V3,V3d_rh,0.026442100203719298
subj07,V3,V3v_lh,0.041498122737734976
subj07,V3,V3v_rh,0.05247026088641752
subj07,V4,hV4_lh,0.03077674373910494
subj07,V4,hV4_rh,0.0353052132383299
subj07,PPA,PPA_lh,0.057060783999296164
subj07,PPA,PPA_rh,0.038427637127977816
subj08,V1,V1d_lh,0.04183991752564533
subj08,V1,V1d_rh,0.03565682619169163
subj08,V1,V1v_lh,0.096362660943458
subj08,V1,V1v_rh,0.05167595580283965
subj08,V2,V2d_lh,0.02353343001011255
subj08,V2,V2d_rh,0.022203710410927342
subj08,V2,V2v_lh,0.0717143211642273
subj08,V2,V2v_rh,0.06634328308637262
subj08,V3,V3d_lh,0.023278933368358953
subj08,V3,V3d_rh,0.028906249215923146
subj08,V3,V3v_lh,0.037643760506685366
subj08,V3,V3v_rh,0.03472107107004531
subj08,V4,hV4_lh,0.040611512767539104
subj08,V4,hV4_rh,0.04377720442665793
subj08,PPA,PPA_lh,0.0330261113612517
subj08,PPA,PPA_rh,0.04956100364743634
