ROI,Shared,Unique_2D,Unique_3D,Unique_Semantic,R2_full,LNC,Unique_2D_LNC,Unique_3D_LNC,Unique_Semantic_LNC,Shared_LNC,LNC_normalized_R2
OPA_lh,0.0014864607347819525,0.006416850713390751,0.0021860850102853185,0.002651962311076686,0.012741358769534708,0.12481803534549762,0.05140964361142876,0.01751417576982535,0.02124662757057525,0.011909022046913442,0.1020794689987428
OPA_rh,0.0010752101101660638,0.005029345622049222,0.0020155568587011535,0.002075183474486181,0.01019529606540262,0.1363156098944324,0.03689486204803782,0.014785957824361214,0.015223373728755466,0.007887652125818491,0.07479184572697299
PPA_lh,0.0006937409845914622,0.008414670399294721,0.003954400404448957,0.0023794326230378166,0.015442244411372957,0.21001398386985598,0.04006719097576487,0.01882922428108153,0.011329877083386659,0.0033033085312136547,0.07352960087144671
PPA_rh,0.000591286675423422,0.006058122450562101,0.0030717218832477106,0.002433114016092905,0.012154245025326138,0.24987707989021576,0.02424441030455356,0.012292931727060684,0.009737243676618523,0.0023663101701172653,0.048640895878350035
V1d_lh,0.0030245699434426343,0.014577311774399249,0.0017556378537100653,0.000524047835497185,0.019881567407049133,0.16256402965188277,0.08967120097610362,0.01079966987450801,0.0032236395506397664,0.01860540705049879,0.12229991745175019
V1d_rh,0.0013422420444263172,0.016917999623070876,0.0006015750105060752,0.000656809754723639,0.019518626432726907,0.16364670780025548,0.103381240297976,0.003676059351223539,0.0040135836739553015,0.008202071782981641,0.11927295510613649
V1v_lh,0.0049842975315760735,0.010001948743075459,0.003508064205577255,0.00045750304636020533,0.018951813526588993,0.1790389264114338,0.055864659957191934,0.019593863054762056,0.00255532724380204,0.027839183531083583,0.10585303378683962
V1v_rh,0.0032786962248962936,0.008498592792459653,0.002700204299346032,0.00024375302375889696,0.014721246340460875,0.17872532413522355,0.04755113934514182,0.01510812366636447,0.0013638415537267313,0.018344888956058812,0.08236799352129183
V2d_lh,0.0010046776096584026,0.00707757921744713,0.00043055200029544494,0.00048419055406324907,0.008996999381464227,0.06346075119103235,0.11152687424297719,0.006784539927669282,0.007629763987597898,0.01583147994315538,0.14177265810139975
V2d_rh,0.0003791237769480704,0.005378718444478556,0.001021050586928099,0.0008153752511603773,0.007594268059515102,0.08546180071642528,0.06293710639594323,0.011947449952711547,0.009540815245233496,0.00443617819622194,0.08886154979011021
V2v_lh,0.0030316508644004786,0.004196851817208927,0.0033908831883930762,0.0006807913805276927,0.011300177250530175,0.17608910780744608,0.023833682102576133,0.019256632227934372,0.003866175421094983,0.017216572348788303,0.0641730621003938
V2v_rh,0.0005874655637286008,0.002294186942815149,0.0016671067171714904,0.0007591563219370157,0.005307915545652256,0.14738165735008707,0.015566298982278296,0.011311493893785458,0.005150955251736197,0.003986015453287707,0.036014763581087655
V3d_lh,0.0008722622768015525,0.0033483000653210665,0.0008375580775977776,0.0006027029184842853,0.005660823338204682,0.05241701631263123,0.06387811250741121,0.01597874386062578,0.011498230171850672,0.01664082273586714,0.10799590927575481
V3d_rh,0.0006084806676180388,0.003947326327246176,0.001144882173214734,0.00131573106027294,0.007016420228351888,0.06507838786889492,0.06065494946184512,0.017592356090952672,0.020217634507535352,0.009349965288689492,0.10781490534902263
V3v_lh,0.0013680585016720426,0.0018604569621093192,0.001656325221154123,0.0010470719829487746,0.005931912667884259,0.08815462944258826,0.021104472605388964,0.018788862611382472,0.01187767437251486,0.015518850346515345,0.06728985993580164
V3v_rh,0.00040671138327642853,0.002093096548765494,0.0008796672676046752,0.0004581528529650769,0.0038376280526116746,0.09717930746378799,0.021538500359713372,0.009052001815638235,0.004714510371827858,0.004185164454150713,0.03949017700133018
hV4_lh,0.0014428853495421362,0.0043636262350365,0.0010810106975183142,0.0017617738774079877,0.008649296159504938,0.07223112338900556,0.06041199458488134,0.014965995914205275,0.02439078605935334,0.01997595055764785,0.1197447271160878
hV4_rh,0.0005580042322479162,0.0034784022670159426,0.00017706703566916504,0.0005769495208125808,0.0047904230557456046,0.06441029201200531,0.05400382700279654,0.00274904879543415,0.008957411972376159,0.008663277479690836,0.07437356525029769
