Variable,Description,Values,Significance,Color,ROI
R1,2D Influence,"[[0.07432492]
 [0.09499882]
 [0.0892729 ]
 [0.08598474]
 [0.08600231]
 [0.03831192]
 [0.10511806]
 [0.07492247]
 [0.07571391]
 [0.06199735]
 [0.04400254]
 [0.0860995 ]
 [0.00093645]
 [0.04546462]
 [0.07503352]
 [0.04896186]]",[3.71279693e-08],,V1d
R2,3D Influence,"[[0.02684219]
 [0.02560132]
 [0.02571715]
 [0.03486222]
 [0.03497332]
 [0.00818397]
 [0.05170405]
 [0.03351015]
 [0.01922292]
 [0.01665183]
 [0.00957082]
 [0.03519035]
 [0.0001996 ]
 [0.01517681]
 [0.02504151]
 [0.01939931]]",[1.91933445e-06],,V1d
R3,Semantic Influence,"[[0.06475625]
 [0.08175562]
 [0.07337304]
 [0.08065676]
 [0.07755564]
 [0.0425247 ]
 [0.10566137]
 [0.07601517]
 [0.0793114 ]
 [0.05115706]
 [0.03872483]
 [0.09443955]
 [0.00507104]
 [0.03511001]
 [0.07849738]
 [0.05139013]]",[4.30869747e-08],,V1d
R12,Combined 2D and 3D Influence,"[[0.07594651]
 [0.10157927]
 [0.09434465]
 [0.08679706]
 [0.08679256]
 [0.0428337 ]
 [0.1051219 ]
 [0.07512499]
 [0.0818514 ]
 [0.06633197]
 [0.04901867]
 [0.08685347]
 [0.00104743]
 [0.04694472]
 [0.07747882]
 [0.04952755]]",[2.63779429e-08],,V1d
R13,Combined 2D and Semantic Influence,"[[0.07879198]
 [0.10028993]
 [0.09292591]
 [0.09378864]
 [0.09232133]
 [0.04563269]
 [0.11841695]
 [0.08480441]
 [0.08717613]
 [0.06460662]
 [0.04681178]
 [0.10181046]
 [0.00665979]
 [0.04659743]
 [0.08633126]
 [0.05643612]]",[2.45000232e-08],,V1d
R23,Combined 3D and Semantic Influence,"[[0.06518742]
 [0.08179358]
 [0.07339726]
 [0.0814357 ]
 [0.07859058]
 [0.0437479 ]
 [0.10803269]
 [0.07687327]
 [0.08016823]
 [0.05116046]
 [0.03909695]
 [0.094596  ]
 [0.00616217]
 [0.03544931]
 [0.07851542]
 [0.05149684]]",[4.01924988e-08],,V1d
R123,Combined All Variables Influence,"[[0.08076256]
 [0.10763009]
 [0.09855208]
 [0.09493814]
 [0.09340886]
 [0.05089619]
 [0.11849706]
 [0.08521563]
 [0.09439615]
 [0.06937487]
 [0.0523122 ]
 [0.10304256]
 [0.00688891]
 [0.04824428]
 [0.0894649 ]
 [0.05728086]]",[1.6285028e-08],,V1d
y123,Shared Variance All,"[[ 0.02676001]
 [ 0.02632306]
 [ 0.02624735]
 [ 0.03442046]
 [ 0.03423568]
 [ 0.00770249]
 [ 0.04940899]
 [ 0.03286075]
 [ 0.01944862]
 [ 0.01708206]
 [ 0.00968299]
 [ 0.03551203]
 [-0.0007734 ]
 [ 0.01500425]
 [ 0.02571181]
 [ 0.01957165]]",[1.6484282e-06],,V1d
y12,Shared Variance 2D and 3D,"[[-1.53941023e-03]
 [-7.30219326e-03]
 [-5.60194799e-03]
 [-3.70549737e-04]
 [-5.26008845e-05]
 [-4.04030349e-03]
 [ 2.29121084e-03]
 [ 4.46881273e-04]
 [-6.36319211e-03]
 [-4.76484563e-03]
 [-5.12829903e-03]
 [-1.07564654e-03]
 [ 8.62018397e-04]
 [-1.30754390e-03]
 [-3.11559382e-03]
 [-7.38031472e-04]]",[0.00486327],,V1d
y13,Shared Variance 2D and Semantic,"[[0.03352917]
 [0.05014144]
 [0.04347268]
 [0.03843241]
 [0.03700095]
 [0.02750143]
 [0.04295348]
 [0.03327248]
 [0.04840056]
 [0.03146574]
 [0.0262326 ]
 [0.04321656]
 [0.0001211 ]
 [0.01897294]
 [0.04148783]
 [0.02434421]]",[1.98484262e-08],,V1d
y23,Shared Variance 3D and Semantic,"[[-3.48989557e-04]
 [-7.59705690e-04]
 [-5.54418868e-04]
 [-3.37176847e-04]
 [-2.97292540e-04]
 [-7.41722602e-04]
 [-7.62691616e-05]
 [-2.08700493e-04]
 [-1.08253184e-03]
 [-4.33633678e-04]
 [-4.84286960e-04]
 [-4.78124410e-04]
 [-1.18136137e-04]
 [-1.66737460e-04]
 [-6.88340919e-04]
 [-2.79051644e-04]]",[1.05016947e-05],,V1d
y1,Unique 2D,"[[0.01557515]
 [0.0258365 ]
 [0.02515482]
 [0.01350243]
 [0.01481829]
 [0.00714829]
 [0.01046437]
 [0.00834236]
 [0.01422792]
 [0.01821441]
 [0.01321525]
 [0.00844656]
 [0.00072674]
 [0.01279497]
 [0.01094948]
 [0.00578403]]",[1.09045093e-06],,V1d
y2,Unique 3D,"[[1.97057894e-03]
 [7.34016162e-03]
 [5.62617269e-03]
 [1.14949138e-03]
 [1.08753523e-03]
 [5.26350334e-03]
 [8.01112839e-05]
 [4.11221575e-04]
 [7.22002188e-03]
 [4.76825008e-03]
 [5.50041949e-03]
 [1.23209687e-03]
 [2.29120351e-04]
 [1.64684403e-03]
 [3.13363761e-03]
 [8.44742795e-04]]",[0.00032706],,V1d
y3,Unique Semantic,"[[0.00481605]
 [0.00605082]
 [0.00420743]
 [0.00814108]
 [0.0066163 ]
 [0.00806249]
 [0.01337516]
 [0.01009064]
 [0.01254475]
 [0.0030429 ]
 [0.00329353]
 [0.01618908]
 [0.00584148]
 [0.00129955]
 [0.01198608]
 [0.00775331]]",[2.31046936e-06],,V1d
UNC,Upper Noise Ceiling,[0.4547974],[nan],,V1d
LNC,Lower Noise Ceiling,[0.39320712],[nan],,V1d
R1,2D Influence,"[[0.05647947]
 [0.07234415]
 [0.09709588]
 [0.07694457]
 [0.10342488]
 [0.04043085]
 [0.08001143]
 [0.08108727]
 [0.08495791]
 [0.06365939]
 [0.08096312]
 [0.08570844]
 [0.00459866]
 [0.07384102]
 [0.0883563 ]
 [0.0448562 ]]",[7.35548236e-09],,V1v
R2,3D Influence,"[[0.030329  ]
 [0.02393892]
 [0.02873976]
 [0.04018154]
 [0.04731739]
 [0.01043382]
 [0.0498719 ]
 [0.05547797]
 [0.0352142 ]
 [0.021674  ]
 [0.03383071]
 [0.04100742]
 [0.00240463]
 [0.03707525]
 [0.03618617]
 [0.01842062]]",[1.90185756e-07],,V1v
R3,Semantic Influence,"[[0.04713935]
 [0.06244585]
 [0.07563657]
 [0.06943403]
 [0.09214421]
 [0.0378974 ]
 [0.07317973]
 [0.08354771]
 [0.08498947]
 [0.05415572]
 [0.08680992]
 [0.08472748]
 [0.00861501]
 [0.05503053]
 [0.09503354]
 [0.04368213]]",[1.13466352e-08],,V1v
R12,Combined 2D and 3D Influence,"[[0.05656256]
 [0.0747933 ]
 [0.1021438 ]
 [0.076989  ]
 [0.10360085]
 [0.0435755 ]
 [0.08113263]
 [0.08347248]
 [0.08560437]
 [0.06555027]
 [0.08152832]
 [0.08574149]
 [0.00460146]
 [0.07384231]
 [0.08911495]
 [0.04523124]]",[6.82497448e-09],,V1v
R13,Combined 2D and Semantic Influence,"[[0.05905307]
 [0.0764497 ]
 [0.09970622]
 [0.08261932]
 [0.11051898]
 [0.04408632]
 [0.08636614]
 [0.09252829]
 [0.09547619]
 [0.06695308]
 [0.09445763]
 [0.09575626]
 [0.00866866]
 [0.07514894]
 [0.10327033]
 [0.0497562 ]]",[6.34530457e-09],,V1v
R23,Combined 3D and Semantic Influence,"[[0.05071562]
 [0.06261077]
 [0.07581111]
 [0.07294131]
 [0.09482965]
 [0.03805394]
 [0.07994756]
 [0.09062584]
 [0.08555305]
 [0.05440529]
 [0.08709842]
 [0.08651176]
 [0.00864587]
 [0.05992809]
 [0.09526015]
 [0.04402351]]",[1.07062772e-08],,V1v
R123,Combined All Variables Influence,"[[0.05908978]
 [0.07930775]
 [0.10522278]
 [0.08262379]
 [0.11085722]
 [0.0476674 ]
 [0.0871908 ]
 [0.09433024]
 [0.09648008]
 [0.06916586]
 [0.09540957]
 [0.09589625]
 [0.00867345]
 [0.07515005]
 [0.10449473]
 [0.05031512]]",[5.66591723e-09],,V1v
y123,Shared Variance All,"[[0.02670636]
 [0.0241829 ]
 [0.02903387]
 [0.0366343 ]
 [0.04479423]
 [0.01071371]
 [0.04280754]
 [0.04781657]
 [0.03500804]
 [0.02174634]
 [0.03392896]
 [0.03933009]
 [0.00237575]
 [0.0321775 ]
 [0.0364253 ]
 [0.01826313]]",[7.24007909e-08],,V1v
y12,Shared Variance 2D and 3D,"[[ 3.53955681e-03]
 [-2.69313554e-03]
 [-5.34202724e-03]
 [ 3.50281640e-03]
 [ 2.34719280e-03]
 [-3.42453797e-03]
 [ 5.94315772e-03]
 [ 5.27618972e-03]
 [-4.40306113e-04]
 [-1.96321351e-03]
 [-6.63442495e-04]
 [ 1.64428189e-03]
 [ 2.60756567e-05]
 [ 4.89646008e-03]
 [-9.97785068e-04]
 [-2.17536181e-04]]",[0.40237202],,V1v
y13,Shared Variance 2D and Semantic,"[[0.0178594 ]
 [0.0341574 ]
 [0.04399237]
 [0.02712499]
 [0.04025589]
 [0.02352822]
 [0.02401749]
 [0.02429011]
 [0.03946314]
 [0.0291157 ]
 [0.03938646]
 [0.03534957]
 [0.00216925]
 [0.02154511]
 [0.0436942 ]
 [0.020519  ]]",[3.1604561e-08],,V1v
y23,Shared Variance 3D and Semantic,"[[ 4.63765584e-05]
 [-4.08894555e-04]
 [-4.68647507e-04]
 [ 3.99593851e-05]
 [-1.62274898e-04]
 [-4.36432705e-04]
 [ 2.96532045e-04]
 [ 5.83263282e-04]
 [-3.57422384e-04]
 [-3.21901416e-04]
 [-3.86745598e-04]
 [-1.06950204e-04]
 [-1.97898998e-06]
 [ 1.85198212e-07]
 [-4.65743792e-04]
 [-1.83882399e-04]]",[0.06958482],,V1v
y1,Unique 2D,"[[8.37416031e-03]
 [1.66969818e-02]
 [2.94116731e-02]
 [9.68247201e-03]
 [1.60275722e-02]
 [9.61345994e-03]
 [7.24324695e-03]
 [3.70439571e-03]
 [1.09270264e-02]
 [1.47605703e-02]
 [8.31115474e-03]
 [9.38449467e-03]
 [2.75767244e-05]
 [1.52219553e-02]
 [9.23457962e-03]
 [6.29161288e-03]]",[8.70016281e-06],,V1v
y2,Unique 3D,"[[3.67117050e-05]
 [2.85804881e-03]
 [5.51655974e-03]
 [4.46811934e-06]
 [3.38244129e-04]
 [3.58108216e-03]
 [8.24667655e-04]
 [1.80194772e-03]
 [1.00388550e-03]
 [2.21278040e-03]
 [9.51944222e-04]
 [1.39994747e-04]
 [4.78143610e-06]
 [1.10336062e-06]
 [1.22439632e-03]
 [5.58916576e-04]]",[0.00412199],,V1v
y3,Unique Semantic,"[[0.00252722]
 [0.00451445]
 [0.00307898]
 [0.00563478]
 [0.00725637]
 [0.0040919 ]
 [0.00605817]
 [0.01085776]
 [0.01087571]
 [0.00361559]
 [0.01388125]
 [0.01015476]
 [0.00407198]
 [0.00130774]
 [0.01537978]
 [0.00508388]]",[1.11294755e-05],,V1v
UNC,Upper Noise Ceiling,[0.43752247],[nan],,V1v
LNC,Lower Noise Ceiling,[0.37057629],[nan],,V1v
R1,2D Influence,"[[0.03221778]
 [0.07310915]
 [0.0338413 ]
 [0.07413139]
 [0.0653121 ]
 [0.02153411]
 [0.05290827]
 [0.0278998 ]
 [0.04709178]
 [0.01801101]
 [0.01807515]
 [0.04188633]
 [0.00534085]
 [0.01036775]
 [0.02586321]
 [0.02361022]]",[7.78995423e-06],,V2d
R2,3D Influence,"[[0.00683175]
 [0.01510503]
 [0.00649001]
 [0.02251791]
 [0.0128307 ]
 [0.00167472]
 [0.01403377]
 [0.00495549]
 [0.00839308]
 [0.00283718]
 [0.00290817]
 [0.00923052]
 [0.00186799]
 [0.00127982]
 [0.00539048]
 [0.00500884]]",[0.00012241],,V2d
R3,Semantic Influence,"[[0.03592358]
 [0.06042101]
 [0.02784643]
 [0.06297618]
 [0.05659077]
 [0.02876225]
 [0.05525686]
 [0.03013728]
 [0.03602994]
 [0.01886663]
 [0.01753528]
 [0.04894356]
 [0.00559275]
 [0.01034311]
 [0.02132302]
 [0.02893632]]",[1.68102128e-06],,V2d
R12,Combined 2D and 3D Influence,"[[0.03607346]
 [0.08228807]
 [0.03867117]
 [0.07765464]
 [0.07426775]
 [0.02934448]
 [0.05673624]
 [0.03238699]
 [0.05462709]
 [0.02142996]
 [0.02141309]
 [0.04653981]
 [0.00547963]
 [0.01295936]
 [0.02905908]
 [0.02643334]]",[4.44712147e-06],,V2d
R13,Combined 2D and Semantic Influence,"[[0.03848257]
 [0.07622046]
 [0.03523765]
 [0.0779322 ]
 [0.06910704]
 [0.02929632]
 [0.0608178 ]
 [0.03269109]
 [0.04817028]
 [0.02073758]
 [0.02001404]
 [0.051575  ]
 [0.00614827]
 [0.01163535]
 [0.02694523]
 [0.03005959]]",[3.38432888e-06],,V2d
R23,Combined 3D and Semantic Influence,"[[0.03699612]
 [0.06096094]
 [0.02821874]
 [0.06301694]
 [0.057457  ]
 [0.03362842]
 [0.05570127]
 [0.03146949]
 [0.0365129 ]
 [0.01988156]
 [0.01829477]
 [0.05044265]
 [0.00559275]
 [0.01113131]
 [0.02150001]
 [0.03006305]]",[1.1718857e-06],,V2d
R123,Combined All Variables Influence,"[[0.04297187]
 [0.08609305]
 [0.04040554]
 [0.08192645]
 [0.07881701]
 [0.03810882]
 [0.06535665]
 [0.03777506]
 [0.05608319]
 [0.02454963]
 [0.02368009]
 [0.05709602]
 [0.00633113]
 [0.01446111]
 [0.03038248]
 [0.0334346 ]]",[1.98676343e-06],,V2d
y123,Shared Variance All,"[[ 0.00639284]
 [ 0.01525878]
 [ 0.00645573]
 [ 0.02294815]
 [ 0.01271878]
 [-0.00218932]
 [ 0.01430023]
 [ 0.00422006]
 [ 0.00828772]
 [ 0.00221535]
 [ 0.0024768 ]
 [ 0.00859897]
 [ 0.00191207]
 [ 0.00072576]
 [ 0.00545488]
 [ 0.00443399]]",[0.0004859],,V2d
y12,Shared Variance 2D and 3D,"[[-0.00341676]
 [-0.00933266]
 [-0.00479558]
 [-0.0039535 ]
 [-0.00884373]
 [-0.00394633]
 [-0.00409444]
 [-0.00375176]
 [-0.00742995]
 [-0.00279712]
 [-0.00290656]
 [-0.00402192]
 [-0.00018286]
 [-0.00203756]
 [-0.00326027]
 [-0.00224827]]",[5.18798358e-06],,V2d
y13,Shared Variance 2D and Semantic,"[[0.02326595]
 [0.04205092]
 [0.01999435]
 [0.03622722]
 [0.04007705]
 [0.02318936]
 [0.0330471 ]
 [0.02112593]
 [0.02666373]
 [0.01392472]
 [0.0131196 ]
 [0.03065592]
 [0.00287327]
 [0.00834974]
 [0.01478613]
 [0.01805295]]",[6.87969323e-07],,V2d
y23,Shared Variance 3D and Semantic,"[[-6.33624948e-04]
 [-6.93676221e-04]
 [-3.38024946e-04]
 [-4.71002322e-04]
 [-7.54316251e-04]
 [-1.00212875e-03]
 [-7.10871416e-04]
 [-5.96777101e-04]
 [-3.77598088e-04]
 [-3.93096403e-04]
 [-3.28114499e-04]
 [-8.67536402e-04]
 [-4.40830406e-05]
 [-2.34148125e-04]
 [-2.41382852e-04]
 [-5.51885325e-04]]",[8.32225128e-07],,V2d
y1,Unique 2D,"[[0.00597575]
 [0.02513211]
 [0.0121868 ]
 [0.01890951]
 [0.02136   ]
 [0.0044804 ]
 [0.00965538]
 [0.00630557]
 [0.01957028]
 [0.00466807]
 [0.00538532]
 [0.00665337]
 [0.00073838]
 [0.0033298 ]
 [0.00888247]
 [0.00337155]]",[9.54281913e-05],,V2d
y2,Unique 3D,"[[0.0044893 ]
 [0.00987259]
 [0.00516789]
 [0.00399425]
 [0.00970996]
 [0.0088125 ]
 [0.00453884]
 [0.00508397]
 [0.00791291]
 [0.00381205]
 [0.00366605]
 [0.00552101]
 [0.00018287]
 [0.00282576]
 [0.00343725]
 [0.00337501]]",[1.31446056e-06],,V2d
y3,Unique Semantic,"[[0.00689841]
 [0.00380498]
 [0.00173437]
 [0.00427182]
 [0.00454925]
 [0.00876434]
 [0.00862041]
 [0.00538807]
 [0.00145609]
 [0.00311966]
 [0.002267  ]
 [0.01055621]
 [0.0008515 ]
 [0.00150175]
 [0.0013234 ]
 [0.00700126]]",[3.06851245e-05],,V2d
UNC,Upper Noise Ceiling,[0.37855588],[nan],,V2d
LNC,Lower Noise Ceiling,[0.30740878],[nan],,V2d
R1,2D Influence,"[[0.03171212]
 [0.03033953]
 [0.03658431]
 [0.07082307]
 [0.08138217]
 [0.01962136]
 [0.02577628]
 [0.05622579]
 [0.03670337]
 [0.04068518]
 [0.03157869]
 [0.03935093]
 [0.00451077]
 [0.04252612]
 [0.02370881]
 [0.01198278]]",[2.42494133e-06],,V2v
R2,3D Influence,"[[0.01998761]
 [0.00919744]
 [0.0058264 ]
 [0.03973082]
 [0.03470202]
 [0.00630856]
 [0.01480338]
 [0.0290972 ]
 [0.0102681 ]
 [0.01539685]
 [0.0145355 ]
 [0.01978898]
 [0.00307454]
 [0.0159932 ]
 [0.00810641]
 [0.00523417]]",[3.18641469e-05],,V2v
R3,Semantic Influence,"[[0.02753755]
 [0.02289625]
 [0.031579  ]
 [0.06000273]
 [0.07278975]
 [0.02046218]
 [0.02150069]
 [0.06258987]
 [0.0343407 ]
 [0.03418241]
 [0.0422272 ]
 [0.0376648 ]
 [0.00604936]
 [0.04035394]
 [0.02823021]
 [0.01492053]]",[1.19160449e-06],,V2v
R12,Combined 2D and 3D Influence,"[[0.03220439]
 [0.03179178]
 [0.04343123]
 [0.0710884 ]
 [0.08183096]
 [0.02037201]
 [0.02591623]
 [0.05624699]
 [0.03898566]
 [0.04134805]
 [0.03162513]
 [0.0393519 ]
 [0.00464007]
 [0.04324873]
 [0.02439882]
 [0.01203048]]",[1.8622814e-06],,V2v
R13,Combined 2D and Semantic Influence,"[[0.03357966]
 [0.03094934]
 [0.03866058]
 [0.07439052]
 [0.08709085]
 [0.02253643]
 [0.02694602]
 [0.06709018]
 [0.03999072]
 [0.04262407]
 [0.04300213]
 [0.04330409]
 [0.00615712]
 [0.04661861]
 [0.02957199]
 [0.01543467]]",[1.39984503e-06],,V2v
R23,Combined 3D and Semantic Influence,"[[0.03065517]
 [0.02300627]
 [0.03261143]
 [0.06503696]
 [0.07419033]
 [0.02047695]
 [0.0235575 ]
 [0.06361748]
 [0.03438822]
 [0.03463487]
 [0.04223293]
 [0.03889616]
 [0.00621646]
 [0.04051978]
 [0.0283025 ]
 [0.01492562]]",[1.27258262e-06],,V2v
R123,Combined All Variables Influence,"[[0.03396422]
 [0.03252336]
 [0.04599784]
 [0.07455184]
 [0.08775648]
 [0.02348007]
 [0.02704165]
 [0.06709307]
 [0.04262589]
 [0.04343406]
 [0.04317902]
 [0.04331204]
 [0.00623694]
 [0.04756757]
 [0.03053015]
 [0.01554445]]",[1.02762108e-06],,V2v
y123,Shared Variance All,"[[0.01676229]
 [0.00920918]
 [0.0052843 ]
 [0.03459258]
 [0.03351829]
 [0.00648678]
 [0.01270226]
 [0.02805128]
 [0.01057345]
 [0.01509152]
 [0.01466022]
 [0.0185646 ]
 [0.00285796]
 [0.01605371]
 [0.00830228]
 [0.00529115]]",[2.02114077e-05],,V2v
y12,Shared Variance 2D and 3D,"[[ 2.73305965e-03]
 [-1.46400160e-03]
 [-6.30482181e-03]
 [ 4.87291131e-03]
 [ 7.34942265e-04]
 [-9.28866465e-04]
 [ 1.96117977e-03]
 [ 1.02471545e-03]
 [-2.58764688e-03]
 [-3.57531507e-04]
 [-1.71162761e-04]
 [ 1.22340214e-03]
 [ 8.72732976e-05]
 [-7.83114241e-04]
 [-8.85872422e-04]
 [-1.04682017e-04]]",[0.9236517],,V2v
y13,Shared Variance 2D and Semantic,"[[0.00890772]
 [0.01307726]
 [0.02421843]
 [0.0218427 ]
 [0.03356279]
 [0.01106033]
 [0.0076287 ]
 [0.0236742 ]
 [0.0204799 ]
 [0.017152  ]
 [0.01614354]
 [0.01514704]
 [0.00154506]
 [0.02020774]
 [0.01406475]
 [0.00617748]]",[9.76053931e-07],,V2v
y23,Shared Variance 3D and Semantic,"[[ 1.07709293e-04]
 [-1.21768650e-04]
 [-4.90328348e-04]
 [ 1.04012254e-04]
 [-2.16842626e-04]
 [-1.92989675e-04]
 [ 4.43110885e-05]
 [ 1.83107595e-05]
 [-3.52876591e-04]
 [-1.47122690e-04]
 [-1.30453687e-04]
 [-6.97621599e-06]
 [ 4.94781233e-05]
 [-2.26349858e-04]
 [-2.68161674e-04]
 [-6.20748855e-05]]",[0.01391121],,V2v
y1,Unique 2D,"[[3.30905413e-03]
 [9.51708892e-03]
 [1.33864051e-02]
 [9.51488314e-03]
 [1.35661484e-02]
 [3.00312359e-03]
 [3.48415087e-03]
 [3.47559559e-03]
 [8.23766664e-03]
 [8.79918984e-03]
 [9.46089849e-04]
 [4.41588409e-03]
 [2.04791410e-05]
 [7.04778679e-03]
 [2.22765538e-03]
 [6.18829420e-04]]",[9.78640357e-05],,V2v
y2,Unique 3D,"[[3.84558827e-04]
 [1.57402380e-03]
 [7.33725139e-03]
 [1.61315834e-04]
 [6.65636144e-04]
 [9.43637718e-04]
 [9.56308854e-05]
 [2.89201796e-06]
 [2.63516431e-03]
 [8.09989028e-04]
 [1.76892550e-04]
 [7.95219712e-06]
 [7.98222230e-05]
 [9.48959773e-04]
 [9.58164301e-04]
 [1.09780550e-04]]",[0.03448208],,V2v
y3,Unique Semantic,"[[0.00175983]
 [0.00073158]
 [0.0025666 ]
 [0.00346344]
 [0.00592552]
 [0.00310806]
 [0.00112543]
 [0.01084608]
 [0.00364023]
 [0.00208601]
 [0.0115539 ]
 [0.00396014]
 [0.00159687]
 [0.00431884]
 [0.00613134]
 [0.00351397]]",[9.53853795e-05],,V2v
UNC,Upper Noise Ceiling,[0.28333858],[nan],,V2v
LNC,Lower Noise Ceiling,[0.20005707],[nan],,V2v
R1,2D Influence,"[[0.01642014]
 [0.00068755]
 [0.00314875]
 [0.03183021]
 [0.01051173]
 [0.00126555]
 [0.03782677]
 [0.0100519 ]
 [0.03077239]
 [0.00436857]
 [0.00150136]
 [0.00937325]
 [0.00110562]
 [0.00095241]
 [0.00614937]
 [0.00432968]]",[0.00332908],,V3a
R2,3D Influence,"[[3.87031368e-03]
 [4.34229721e-04]
 [1.07665922e-04]
 [9.50247227e-03]
 [8.14987999e-04]
 [1.49881968e-04]
 [5.04239637e-03]
 [1.75332246e-03]
 [4.88955293e-03]
 [4.28765567e-04]
 [2.11732304e-06]
 [2.94508805e-03]
 [2.52903677e-03]
 [4.10574660e-04]
 [2.03162115e-03]
 [8.51531307e-04]]",[0.00334556],,V3a
R3,Semantic Influence,"[[0.0153064 ]
 [0.00289962]
 [0.00261021]
 [0.02344101]
 [0.01183113]
 [0.00215122]
 [0.03625234]
 [0.00957339]
 [0.02596812]
 [0.00391589]
 [0.00281893]
 [0.01119855]
 [0.00108261]
 [0.00172016]
 [0.00872157]
 [0.00915873]]",[0.00088003],,V3a
R12,Combined 2D and 3D Influence,"[[0.01800475]
 [0.00069841]
 [0.00484907]
 [0.0334376 ]
 [0.01433199]
 [0.00159488]
 [0.04656204]
 [0.01171213]
 [0.03654877]
 [0.00570783]
 [0.00283591]
 [0.00976619]
 [0.00253898]
 [0.00095696]
 [0.006359  ]
 [0.00492225]]",[0.00291725],,V3a
R13,Combined 2D and Semantic Influence,"[[0.01786287]
 [0.00353551]
 [0.00328564]
 [0.03232679]
 [0.01262984]
 [0.00215215]
 [0.04165086]
 [0.01103708]
 [0.03228256]
 [0.00467886]
 [0.00283708]
 [0.01171881]
 [0.00122959]
 [0.00172582]
 [0.00880092]
 [0.00935857]]",[0.00133776],,V3a
R23,Combined 3D and Semantic Influence,"[[0.01543326]
 [0.00305693]
 [0.00315799]
 [0.02356547]
 [0.01358856]
 [0.00246774]
 [0.03852009]
 [0.00989312]
 [0.02676741]
 [0.0042721 ]
 [0.00409667]
 [0.01126812]
 [0.00255157]
 [0.00174042]
 [0.00883849]
 [0.01017689]]",[0.00065179],,V3a
R123,Combined All Variables Influence,"[[0.01964209]
 [0.00353552]
 [0.00505125]
 [0.03405033]
 [0.01681713]
 [0.00255153]
 [0.05113366]
 [0.01286223]
 [0.03844415]
 [0.0061024 ]
 [0.00434346]
 [0.01223832]
 [0.0026175 ]
 [0.00174045]
 [0.00911154]
 [0.01018127]]",[0.00132335],,V3a
y123,Shared Variance All,"[[ 3.93806849e-03]
 [ 2.66060316e-04]
 [-3.74829522e-04]
 [ 9.49417652e-03]
 [-5.75410333e-04]
 [-9.65830508e-05]
 [ 3.52217671e-03]
 [ 1.59850238e-03]
 [ 4.47547711e-03]
 [ 1.56828254e-04]
 [-1.10378943e-03]
 [ 3.00206975e-03]
 [ 1.01463006e-03]
 [ 4.00384044e-04]
 [ 2.01569577e-03]
 [ 6.34954538e-05]]",[0.02071117],,V3a
y12,Shared Variance 2D and 3D,"[[-1.65235860e-03]
 [ 1.57313786e-04]
 [-1.21782651e-03]
 [-1.59908988e-03]
 [-2.42985860e-03]
 [-8.28703065e-05]
 [-7.21504701e-03]
 [-1.50541219e-03]
 [-5.36230504e-03]
 [-1.06732706e-03]
 [-2.28641424e-04]
 [-4.49929587e-04]
 [ 8.10435274e-05]
 [ 5.64104654e-06]
 [-1.93702589e-04]
 [ 1.95466048e-04]]",[0.01642905],,V3a
y13,Shared Variance 2D and Semantic,"[[ 9.92560174e-03]
 [-2.14405440e-04]
 [ 2.84814716e-03]
 [ 1.34502614e-02]
 [ 1.02884267e-02]
 [ 1.36120411e-03]
 [ 2.89060717e-02]
 [ 6.98970188e-03]
 [ 1.99824694e-02]
 [ 3.44877448e-03]
 [ 2.58700779e-03]
 [ 5.85090854e-03]
 [-5.59873741e-05]
 [ 5.46366008e-04]
 [ 4.05432802e-03]
 [ 4.06634638e-03]]",[0.00274747],,V3a
y23,Shared Variance 3D and Semantic,"[[-1.94616337e-04]
 [ 1.08506601e-05]
 [-6.52909726e-05]
 [-1.16157851e-04]
 [-3.67034239e-04]
 [-7.00514855e-05]
 [-7.47531394e-04]
 [-1.64912331e-04]
 [-3.85210971e-04]
 [-8.42730532e-05]
 [-1.71832434e-04]
 [-1.26558439e-04]
 [ 4.54499214e-05]
 [-1.00759649e-05]
 [-1.00995984e-04]
 [-2.30128003e-04]]",[0.00274651],,V3a
y1,Unique 2D,"[[4.20883125e-03]
 [4.78585637e-04]
 [1.89325752e-03]
 [1.04848622e-02]
 [3.22857331e-03]
 [8.37982469e-05]
 [1.26135687e-02]
 [2.96910782e-03]
 [1.16767449e-02]
 [1.83029483e-03]
 [2.46783971e-04]
 [9.70198158e-04]
 [6.59305204e-05]
 [2.24425084e-08]
 [2.73053037e-04]
 [4.37511318e-06]]",[0.01072687],,V3a
y2,Unique 3D,"[[1.77922012e-03]
 [4.95863461e-09]
 [1.76561293e-03]
 [1.72354348e-03]
 [4.18729117e-03]
 [3.99386811e-04]
 [9.48279805e-03]
 [1.82514460e-03]
 [6.16159184e-03]
 [1.42353743e-03]
 [1.50638061e-03]
 [5.19506324e-04]
 [1.38791326e-03]
 [1.46255340e-05]
 [3.10623953e-04]
 [8.22697807e-04]]",[0.00495686],,V3a
y3,Unique Semantic,"[[1.63734190e-03]
 [2.83710986e-03]
 [2.02181851e-04]
 [6.12734118e-04]
 [2.48514479e-03]
 [9.56649506e-04]
 [4.57162114e-03]
 [1.15009655e-03]
 [1.89538694e-03]
 [3.94562866e-04]
 [1.50754731e-03]
 [2.47212541e-03]
 [7.85210746e-05]
 [7.83483868e-04]
 [2.75254131e-03]
 [5.25901342e-03]]",[0.00017922],,V3a
UNC,Upper Noise Ceiling,[0.15309076],[nan],,V3a
LNC,Lower Noise Ceiling,[0.06769941],[nan],,V3a
R1,2D Influence,"[[1.23102698e-02]
 [1.06886240e-03]
 [3.24085694e-03]
 [9.25262923e-03]
 [2.92386281e-03]
 [1.13070696e-03]
 [1.40522623e-02]
 [1.74630090e-03]
 [2.08370832e-02]
 [5.43542560e-03]
 [6.28828543e-04]
 [7.86815924e-04]
 [1.56310398e-03]
 [4.02948301e-05]
 [3.43014798e-03]
 [1.36829786e-03]]",[0.00466269],,V3b
R2,3D Influence,"[[2.47252961e-03]
 [2.10168516e-03]
 [4.19030136e-06]
 [1.35048704e-03]
 [7.35255773e-05]
 [3.41434360e-06]
 [1.37915617e-03]
 [1.92797859e-04]
 [3.47553817e-03]
 [3.72283764e-04]
 [1.02054449e-05]
 [9.86728939e-05]
 [1.82826416e-03]
 [3.79119938e-05]
 [6.87649093e-04]
 [3.26154042e-04]]",[0.00447859],,V3b
R3,Semantic Influence,"[[0.01543053]
 [0.00360482]
 [0.00441576]
 [0.00716444]
 [0.00205122]
 [0.00210989]
 [0.02270244]
 [0.00118514]
 [0.02105749]
 [0.00627105]
 [0.0004976 ]
 [0.00063831]
 [0.00095663]
 [0.00067978]
 [0.00526855]
 [0.0033844 ]]",[0.0041135],,V3b
R12,Combined 2D and 3D Influence,"[[1.39353571e-02]
 [2.10192217e-03]
 [6.13538748e-03]
 [1.11820313e-02]
 [4.66652711e-03]
 [2.08408161e-03]
 [1.83602638e-02]
 [2.23109259e-03]
 [2.45029795e-02]
 [7.56859917e-03]
 [1.04754557e-03]
 [9.80420803e-04]
 [2.00293872e-03]
 [4.59010457e-05]
 [3.88446903e-03]
 [1.49706961e-03]]",[0.00264466],,V3b
R13,Combined 2D and Semantic Influence,"[[0.01593538]
 [0.00411522]
 [0.00448209]
 [0.00948868]
 [0.00294864]
 [0.00212227]
 [0.02270508]
 [0.00175486]
 [0.02353746]
 [0.00663615]
 [0.0006481 ]
 [0.00081609]
 [0.00156312]
 [0.00117951]
 [0.00527828]
 [0.003564  ]]",[0.00285532],,V3b
R23,Combined 3D and Semantic Influence,"[[0.01615462]
 [0.00379258]
 [0.00639263]
 [0.00738422]
 [0.00251397]
 [0.00302215]
 [0.026426  ]
 [0.00123886]
 [0.02198007]
 [0.00731724]
 [0.00063814]
 [0.00067072]
 [0.00188684]
 [0.00079834]
 [0.00563688]
 [0.00374554]]",[0.00326869],,V3b
R123,Combined All Variables Influence,"[[0.01787431]
 [0.00494795]
 [0.00762185]
 [0.01150794]
 [0.00472298]
 [0.0032008 ]
 [0.02780163]
 [0.00224928]
 [0.02760858]
 [0.00897581]
 [0.00107933]
 [0.00101964]
 [0.0020042 ]
 [0.00117962]
 [0.00585225]
 [0.00376585]]",[0.00201764],,V3b
y123,Shared Variance All,"[[ 2.06229100e-03]
 [ 1.71359367e-03]
 [-1.72745209e-03]
 [ 1.22056760e-03]
 [-3.57543399e-04]
 [-7.83695278e-04]
 [-1.55585732e-03]
 [ 1.48709139e-04]
 [ 2.95817318e-03]
 [-4.67422167e-04]
 [-1.17814910e-04]
 [ 7.62106431e-05]
 [ 8.99304136e-04]
 [-8.61460203e-05]
 [ 4.38967798e-04]
 [ 3.80890543e-05]]",[0.38812131],,V3b
y12,Shared Variance 2D and 3D,"[[-0.00121485]
 [-0.00064497]
 [-0.00116289]
 [-0.00179948]
 [-0.0013116 ]
 [-0.00016627]
 [-0.00137299]
 [-0.0004407 ]
 [-0.00314853]
 [-0.00129347]
 [-0.0002907 ]
 [-0.00017114]
 [ 0.00048913]
 [ 0.00011845]
 [-0.00020564]
 [ 0.00015929]]",[0.00401255],,V3b
y13,Shared Variance 2D and Semantic,"[[ 9.74313463e-03]
 [-1.15513269e-03]
 [ 4.90197519e-03]
 [ 5.70782485e-03]
 [ 2.38399233e-03]
 [ 1.90201705e-03]
 [ 1.56054764e-02]
 [ 1.02787403e-03]
 [ 1.53989404e-02]
 [ 5.53774357e-03]
 [ 5.96147914e-04]
 [ 5.32823457e-04]
 [ 5.73113332e-05]
 [-3.73287608e-04]
 [ 2.98145450e-03]
 [ 1.15060602e-03]]",[0.00669754],,V3b
y23,Shared Variance 3D and Semantic,"[[-3.13846583e-04]
 [ 2.00336536e-04]
 [-2.45222680e-04]
 [-8.98615340e-05]
 [-3.16779206e-05]
 [-1.25155700e-04]
 [-7.88551422e-04]
 [-9.62940382e-06]
 [-4.05215676e-04]
 [-2.06483915e-04]
 [-1.25183278e-05]
 [-9.95085252e-06]
 [-1.24471054e-06]
 [ 5.49833185e-06]
 [-1.19646620e-04]
 [-7.30804909e-05]]",[0.02606798],,V3b
y1,Unique 2D,"[[1.71969289e-03]
 [1.15536970e-03]
 [1.22922198e-03]
 [4.12371942e-03]
 [2.20900920e-03]
 [1.78650226e-04]
 [1.37563130e-03]
 [1.01042071e-03]
 [5.62850093e-03]
 [1.65857184e-03]
 [4.41192210e-04]
 [3.48924452e-04]
 [1.17363226e-04]
 [3.81276660e-04]
 [2.15365443e-04]
 [2.03095483e-05]]",[0.00304635],,V3b
y2,Unique 3D,"[[1.93893395e-03]
 [8.32723232e-04]
 [3.13975322e-03]
 [2.01926361e-03]
 [1.77434222e-03]
 [1.07853035e-03]
 [5.09655294e-03]
 [4.94421102e-04]
 [4.07111200e-03]
 [2.33965749e-03]
 [4.31235353e-04]
 [2.03555732e-04]
 [4.41079455e-04]
 [1.07883697e-07]
 [5.73967673e-04]
 [2.01852246e-04]]",[0.00094287],,V3b
y3,Unique Semantic,"[[3.93895447e-03]
 [2.84602394e-03]
 [1.48646045e-03]
 [3.25908563e-04]
 [5.64504625e-05]
 [1.11672263e-03]
 [9.44136799e-03]
 [1.81864522e-05]
 [3.10559553e-03]
 [1.40721255e-03]
 [3.17882158e-05]
 [3.92233447e-05]
 [1.26320290e-06]
 [1.13372025e-03]
 [1.96777816e-03]
 [2.26878205e-03]]",[0.00786267],,V3b
UNC,Upper Noise Ceiling,[0.11788031],[nan],,V3b
LNC,Lower Noise Ceiling,[0.0351765],[nan],,V3b
R1,2D Influence,"[[0.0258982 ]
 [0.02240423]
 [0.01979806]
 [0.05426212]
 [0.03289633]
 [0.01684914]
 [0.02648868]
 [0.01914387]
 [0.04213768]
 [0.01721557]
 [0.00720485]
 [0.01824147]
 [0.00192259]
 [0.00470477]
 [0.01266381]
 [0.01519407]]",[1.52926869e-05],,V3d
R2,3D Influence,"[[0.00599313]
 [0.00380341]
 [0.00247369]
 [0.01520286]
 [0.00444359]
 [0.0010223 ]
 [0.00352935]
 [0.00263385]
 [0.00732932]
 [0.00245377]
 [0.00090101]
 [0.00269161]
 [0.00182664]
 [0.00045589]
 [0.00178393]
 [0.00277167]]",[0.00082909],,V3d
R3,Semantic Influence,"[[0.03147846]
 [0.02469308]
 [0.01484398]
 [0.05108247]
 [0.03381599]
 [0.02266026]
 [0.0307698 ]
 [0.02523326]
 [0.03220636]
 [0.01737307]
 [0.00949237]
 [0.02024539]
 [0.00168576]
 [0.00521015]
 [0.01265089]
 [0.0215492 ]]",[3.14790139e-06],,V3d
R12,Combined 2D and 3D Influence,"[[0.02849938]
 [0.0262505 ]
 [0.02468757]
 [0.05762128]
 [0.04038524]
 [0.02392824]
 [0.03260875]
 [0.02341503]
 [0.04912572]
 [0.02090621]
 [0.00898266]
 [0.02199643]
 [0.0021999 ]
 [0.00616177]
 [0.01541536]
 [0.01754145]]",[6.24677703e-06],,V3d
R13,Combined 2D and Semantic Influence,"[[0.0327759 ]
 [0.02657004]
 [0.02017105]
 [0.05927803]
 [0.03749151]
 [0.02305218]
 [0.03248696]
 [0.02576711]
 [0.04309357]
 [0.01943255]
 [0.00969406]
 [0.02172584]
 [0.00204267]
 [0.00559585]
 [0.01422177]
 [0.0217453 ]]",[5.40796738e-06],,V3d
R23,Combined 3D and Semantic Influence,"[[0.03241503]
 [0.02595669]
 [0.01547951]
 [0.05115921]
 [0.03615337]
 [0.02718219]
 [0.03339478]
 [0.02767667]
 [0.03269072]
 [0.01842951]
 [0.01052319]
 [0.02161721]
 [0.00222944]
 [0.00582877]
 [0.0134225 ]
 [0.02309275]]",[1.79672031e-06],,V3d
R123,Combined All Variables Influence,"[[0.03592519]
 [0.03093151]
 [0.02524379]
 [0.0631661 ]
 [0.04573671]
 [0.03098425]
 [0.03938681]
 [0.03072376]
 [0.05042442]
 [0.02349203]
 [0.01174284]
 [0.02594636]
 [0.00229928]
 [0.00719977]
 [0.01724041]
 [0.02460126]]",[2.4723096e-06],,V3d
y123,Shared Variance All,"[[ 5.60468811e-03]
 [ 3.05500194e-03]
 [ 2.02138751e-03]
 [ 1.56550213e-02]
 [ 2.86249788e-03]
 [-2.64666032e-03]
 [ 1.68415543e-03]
 [ 8.75929069e-04]
 [ 7.18777727e-03]
 [ 1.76616948e-03]
 [ 1.41168195e-04]
 [ 1.78534714e-03]
 [ 1.26225328e-03]
 [-1.58031145e-05]
 [ 1.27940541e-03]
 [ 1.73669238e-03]]",[0.01622571],,V3d
y12,Shared Variance 2D and 3D,"[[-0.00221273]
 [-0.00309786]
 [-0.00443721]
 [-0.00381133]
 [-0.00590782]
 [-0.00341014]
 [-0.00427487]
 [-0.00251324]
 [-0.0068465 ]
 [-0.00300303]
 [-0.00101797]
 [-0.0028487 ]
 [ 0.00028708]
 [-0.0009853 ]
 [-0.00224703]
 [-0.0013124 ]]",[1.06031824e-05],,V3d
y13,Shared Variance 2D and Semantic,"[[0.01899608]
 [0.01747226]
 [0.01244961]
 [0.03041153]
 [0.02635831]
 [0.01910387]
 [0.02308737]
 [0.01773408]
 [0.02406269]
 [0.01338992]
 [0.006862  ]
 [0.01497567]
 [0.00030342]
 [0.00433487]
 [0.00981353]
 [0.01326127]]",[1.19026462e-06],,V3d
y23,Shared Variance 3D and Semantic,"[[-5.48120539e-04]
 [-5.15202090e-04]
 [-1.83230588e-04]
 [-5.28906695e-04]
 [-7.56290155e-04]
 [-8.52968817e-04]
 [-7.79787663e-04]
 [-6.85485680e-04]
 [-3.42814539e-04]
 [-3.68843018e-04]
 [-2.70978175e-04]
 [-4.65559613e-04]
 [ 2.07018078e-05]
 [-1.46922479e-04]
 [-2.67090347e-04]
 [-5.08580888e-04]]",[2.61542433e-06],,V3d
y1,Unique 2D,"[[3.51016853e-03]
 [4.97482465e-03]
 [9.76427592e-03]
 [1.20068925e-02]
 [9.58333846e-03]
 [3.80206791e-03]
 [5.99202728e-03]
 [3.04709761e-03]
 [1.77337083e-02]
 [5.06252189e-03]
 [1.21965470e-03]
 [4.32915181e-03]
 [6.98379679e-05]
 [1.37100020e-03]
 [3.81790772e-03]
 [1.50850972e-03]]",[0.00027794],,V3d
y2,Unique 3D,"[[0.0031493 ]
 [0.00436147]
 [0.00507274]
 [0.00388807]
 [0.0082452 ]
 [0.00793207]
 [0.00689985]
 [0.00495665]
 [0.00733085]
 [0.00405948]
 [0.00204878]
 [0.00422052]
 [0.0002566 ]
 [0.00160392]
 [0.00301864]
 [0.00285596]]",[1.6503099e-06],,V3d
y3,Unique Semantic,"[[7.42581703e-03]
 [4.68101504e-03]
 [5.56213178e-04]
 [5.54481828e-03]
 [5.35146692e-03]
 [7.05601528e-03]
 [6.77806662e-03]
 [7.30873171e-03]
 [1.29870059e-03]
 [2.58582508e-03]
 [2.76018091e-03]
 [3.94993005e-03]
 [9.93789871e-05]
 [1.03800547e-03]
 [1.82505086e-03]
 [7.05981244e-03]]",[1.79448632e-05],,V3d
UNC,Upper Noise Ceiling,[0.29913404],[nan],,V3d
LNC,Lower Noise Ceiling,[0.21900217],[nan],,V3d
R1,2D Influence,"[[0.01295384]
 [0.01760398]
 [0.02987996]
 [0.06246681]
 [0.05246821]
 [0.01018056]
 [0.02965379]
 [0.03165687]
 [0.03494662]
 [0.0287924 ]
 [0.01295701]
 [0.03859023]
 [0.00174514]
 [0.03035596]
 [0.01438121]
 [0.00500599]]",[1.71792601e-05],,V3v
R2,3D Influence,"[[0.00776015]
 [0.00517392]
 [0.0064504 ]
 [0.02451487]
 [0.02314943]
 [0.00257553]
 [0.01287713]
 [0.01705896]
 [0.01179322]
 [0.00994349]
 [0.00424726]
 [0.02075346]
 [0.00278749]
 [0.00951765]
 [0.0036271 ]
 [0.00245162]]",[6.01800666e-05],,V3v
R3,Semantic Influence,"[[0.01162264]
 [0.01429665]
 [0.02562968]
 [0.04508399]
 [0.04649173]
 [0.01151337]
 [0.02490788]
 [0.03658028]
 [0.03232099]
 [0.02349574]
 [0.0170241 ]
 [0.03822225]
 [0.00365915]
 [0.03070669]
 [0.02612847]
 [0.00876826]]",[1.50016644e-06],,V3v
R12,Combined 2D and 3D Influence,"[[0.01307445]
 [0.0185411 ]
 [0.03333615]
 [0.06324648]
 [0.05264717]
 [0.01101319]
 [0.02978229]
 [0.03170794]
 [0.03602897]
 [0.02959022]
 [0.01341407]
 [0.0386493 ]
 [0.00282819]
 [0.03163899]
 [0.01556632]
 [0.00500631]]",[1.25028785e-05],,V3v
R13,Combined 2D and Semantic Influence,"[[0.0138789 ]
 [0.01826414]
 [0.0315098 ]
 [0.06323836]
 [0.05595533]
 [0.01226925]
 [0.03106457]
 [0.03868977]
 [0.03789295]
 [0.02991111]
 [0.01739535]
 [0.04315489]
 [0.00373383]
 [0.03430691]
 [0.02622536]
 [0.0087816 ]]",[4.07464752e-06],,V3v
R23,Combined 3D and Semantic Influence,"[[0.01262591]
 [0.0143094 ]
 [0.02584886]
 [0.04681928]
 [0.04764199]
 [0.01170092]
 [0.02565922]
 [0.03719317]
 [0.03235596]
 [0.02368531]
 [0.01717825]
 [0.03968358]
 [0.00413866]
 [0.03072596]
 [0.02776881]
 [0.00879909]]",[1.51789226e-06],,V3v
R123,Combined All Variables Influence,"[[0.0139628 ]
 [0.01930257]
 [0.03527271]
 [0.06411786]
 [0.05624362]
 [0.01327264]
 [0.03125038]
 [0.03869409]
 [0.03920681]
 [0.03083063]
 [0.01804323]
 [0.0431679 ]
 [0.00465003]
 [0.0358824 ]
 [0.02791298]
 [0.00880011]]",[2.92274509e-06],,V3v
y123,Shared Variance All,"[[0.00672017]
 [0.00526248]
 [0.00653794]
 [0.02287941]
 [0.0221085 ]
 [0.00255874]
 [0.01218309]
 [0.01639933]
 [0.01198976]
 [0.00987561]
 [0.00428391]
 [0.01924608]
 [0.00214113]
 [0.00979084]
 [0.00248929]
 [0.00243898]]",[5.80996922e-05],,V3v
y12,Shared Variance 2D and 3D,"[[ 9.19371797e-04]
 [-1.02568426e-03]
 [-3.54372512e-03]
 [ 8.55792176e-04]
 [ 8.61971175e-04]
 [-8.15842093e-04]
 [ 5.65532295e-04]
 [ 6.08569610e-04]
 [-1.27889301e-03]
 [-7.29951082e-04]
 [-4.93723352e-04]
 [ 1.44831488e-03]
 [-4.36689757e-04]
 [-1.55621802e-03]
 [-4.72860106e-05]
 [ 1.23111745e-05]]",[0.36265566],,V3v
y13,Shared Variance 2D and Semantic,"[[ 0.00397742]
 [ 0.00837401]
 [ 0.01746189]
 [ 0.02143303]
 [ 0.02089611]
 [ 0.00686594]
 [ 0.011314  ]
 [ 0.01314806]
 [ 0.01738491]
 [ 0.01250141]
 [ 0.00830184]
 [ 0.01441151]
 [-0.00047067]
 [ 0.0169649 ]
 [ 0.01179504]
 [ 0.00255367]]",[2.75306746e-06],,V3v
y23,Shared Variance 3D and Semantic,"[[ 3.67085700e-05]
 [-1.01314175e-04]
 [-3.06716109e-04]
 [-9.98231158e-05]
 [-1.09331334e-04]
 [-1.70755454e-04]
 [-5.73080091e-05]
 [ 4.67444899e-05]
 [-2.31509711e-04]
 [-1.21693011e-04]
 [-1.90811898e-04]
 [ 4.60515995e-05]
 [ 1.66851217e-04]
 [-2.92460921e-04]
 [-5.02516019e-04]
 [-1.81874228e-05]]",[0.01126162],,V3v
y1,Unique 2D,"[[1.33688502e-03]
 [4.99317359e-03]
 [9.42385206e-03]
 [1.72985765e-02]
 [8.60162681e-03]
 [1.57172097e-03]
 [5.59116236e-03]
 [1.50091807e-03]
 [6.85084778e-03]
 [7.14532062e-03]
 [8.64979814e-04]
 [3.48432564e-03]
 [5.11369070e-04]
 [5.15643711e-03]
 [1.44169863e-04]
 [1.02515578e-06]]",[0.00103096],,V3v
y2,Unique 3D,"[[8.39009308e-05]
 [1.03843513e-03]
 [3.76290667e-03]
 [8.79493760e-04]
 [2.88291496e-04]
 [1.00338485e-03]
 [1.85811619e-04]
 [4.32339846e-06]
 [1.31386076e-03]
 [9.19516245e-04]
 [6.47876246e-04]
 [1.30129972e-05]
 [9.16199009e-04]
 [1.57548735e-03]
 [1.68762088e-03]
 [1.85135281e-05]]",[0.00179781],,V3v
y3,Unique Semantic,"[[0.00088835]
 [0.00076147]
 [0.00193656]
 [0.00087138]
 [0.00359645]
 [0.00225944]
 [0.00146809]
 [0.00698615]
 [0.00317784]
 [0.00124041]
 [0.00462916]
 [0.0045186 ]
 [0.00182184]
 [0.00424341]
 [0.01234666]
 [0.0037938 ]]",[0.00033305],,V3v
UNC,Upper Noise Ceiling,[0.22545173],[nan],,V3v
LNC,Lower Noise Ceiling,[0.14221597],[nan],,V3v
R1,2D Influence,"[[0.00602618]
 [0.00818223]
 [0.00402121]
 [0.06472436]
 [0.05715717]
 [0.00186064]
 [0.04173386]
 [0.01212731]
 [0.05147713]
 [0.02647158]
 [0.00765306]
 [0.02748487]
 [0.0001038 ]
 [0.00598798]
 [0.01019292]
 [0.00223874]]",[0.00185737],,hV4
R2,3D Influence,"[[0.00476845]
 [0.00479918]
 [0.00024035]
 [0.02717933]
 [0.02597455]
 [0.00010086]
 [0.01601105]
 [0.00594812]
 [0.01870779]
 [0.00806849]
 [0.00079831]
 [0.01273536]
 [0.00078793]
 [0.00115797]
 [0.00211614]
 [0.0010187 ]]",[0.0029784],,hV4
R3,Semantic Influence,"[[0.00177105]
 [0.00967433]
 [0.00528116]
 [0.04422801]
 [0.04879651]
 [0.00250025]
 [0.03550484]
 [0.01228453]
 [0.0479233 ]
 [0.01996772]
 [0.01051996]
 [0.02518043]
 [0.00127242]
 [0.00574314]
 [0.01936276]
 [0.00703444]]",[0.00051221],,hV4
R12,Combined 2D and 3D Influence,"[[0.00643218]
 [0.00824136]
 [0.00572425]
 [0.0651521 ]
 [0.05727011]
 [0.00268902]
 [0.04235185]
 [0.01212797]
 [0.05256008]
 [0.02771436]
 [0.00988478]
 [0.02751884]
 [0.00097219]
 [0.00683096]
 [0.01146149]
 [0.00224305]]",[0.00134578],,hV4
R13,Combined 2D and Semantic Influence,"[[0.00689695]
 [0.01015617]
 [0.0053968 ]
 [0.06508388]
 [0.06018267]
 [0.00254388]
 [0.04389369]
 [0.01371554]
 [0.05596959]
 [0.02700115]
 [0.01066283]
 [0.02968775]
 [0.00206658]
 [0.00659562]
 [0.01950936]
 [0.00787142]]",[0.00073241],,hV4
R23,Combined 3D and Semantic Influence,"[[0.00477588]
 [0.00990881]
 [0.00632966]
 [0.04706242]
 [0.05049605]
 [0.00303129]
 [0.0359787 ]
 [0.01254387]
 [0.04808616]
 [0.02007012]
 [0.01195607]
 [0.02585825]
 [0.00135635]
 [0.00588461]
 [0.02112853]
 [0.00744236]]",[0.00036986],,hV4
R123,Combined All Variables Influence,"[[0.0073798 ]
 [0.0101813 ]
 [0.0072969 ]
 [0.0655621 ]
 [0.06037806]
 [0.0034691 ]
 [0.04466209]
 [0.01372601]
 [0.0573407 ]
 [0.0283489 ]
 [0.01322831]
 [0.02976314]
 [0.0027869 ]
 [0.00753078]
 [0.02123399]
 [0.00791529]]",[0.00051547],,hV4
y123,Shared Variance All,"[[ 0.00184048]
 [ 0.00453069]
 [-0.00061108]
 [ 0.0243954 ]
 [ 0.02435746]
 [-0.00033334]
 [ 0.01568761]
 [ 0.00569859]
 [ 0.01883309]
 [ 0.00807106]
 [-0.00030404]
 [ 0.01209896]
 [ 0.00055594]
 [ 0.00110869]
 [ 0.00080643]
 [ 0.00065035]]",[0.00503856],,hV4
y12,Shared Variance 2D and 3D,"[[ 2.52197524e-03]
 [ 2.09358151e-04]
 [-8.51610632e-04]
 [ 2.35619236e-03]
 [ 1.50414424e-03]
 [-3.94178744e-04]
 [-2.94542975e-04]
 [ 2.48866560e-04]
 [-1.20824842e-03]
 [-1.24534969e-03]
 [-1.12936186e-03]
 [ 6.02427513e-04]
 [-6.36397717e-04]
 [-7.93698766e-04]
 [ 4.11329188e-05]
 [ 3.64037623e-04]]",[0.78795868],,hV4
y13,Shared Variance 2D and Semantic,"[[-0.00094019]
 [ 0.00316969]
 [ 0.00451665]
 [ 0.01947309]
 [ 0.02141355]
 [ 0.00215035]
 [ 0.01765741]
 [ 0.00499772]
 [ 0.02459776]
 [ 0.01136709]
 [ 0.00781423]
 [ 0.01087859]
 [-0.0012463 ]
 [ 0.00402682]
 [ 0.00923989]
 [ 0.00075142]]",[0.000669],,hV4
y23,Shared Variance 3D and Semantic,"[[-7.68585351e-05]
 [ 3.40067311e-05]
 [-1.97063482e-04]
 [-5.04773375e-05]
 [-8.24510020e-05]
 [-9.68407172e-05]
 [-1.50414387e-04]
 [-9.80928383e-06]
 [-2.88157342e-04]
 [-1.04970568e-04]
 [-3.33762179e-04]
 [-4.14190742e-05]
 [ 1.48057149e-04]
 [-9.21818723e-05]
 [-4.56056836e-04]
 [-3.95632470e-05]]",[0.00688799],,hV4
y1,Unique 2D,"[[0.00260392]
 [0.00027249]
 [0.00096725]
 [0.01849968]
 [0.00988201]
 [0.00043781]
 [0.00868339]
 [0.00118214]
 [0.00925453]
 [0.00827878]
 [0.00127223]
 [0.00390489]
 [0.00143055]
 [0.00164617]
 [0.00010546]
 [0.00047294]]",[0.00467792],,hV4
y2,Unique 3D,"[[4.82853484e-04]
 [2.51265093e-05]
 [1.90010227e-03]
 [4.78217461e-04]
 [1.95389719e-04]
 [9.25218329e-04]
 [7.68402401e-04]
 [1.04731763e-05]
 [1.37110627e-03]
 [1.34774956e-03]
 [2.56547677e-03]
 [7.53898469e-05]
 [7.20324268e-04]
 [9.35162411e-04]
 [1.72463058e-03]
 [4.38758480e-05]]",[0.00046428],,hV4
y3,Unique Semantic,"[[0.00094762]
 [0.00193994]
 [0.00157265]
 [0.00041   ]
 [0.00310795]
 [0.00078008]
 [0.00231024]
 [0.00159804]
 [0.00478062]
 [0.00063454]
 [0.00334353]
 [0.0022443 ]
 [0.00181472]
 [0.00069982]
 [0.00977249]
 [0.00567224]]",[0.00063859],,hV4
UNC,Upper Noise Ceiling,[0.17872939],[nan],,hV4
LNC,Lower Noise Ceiling,[0.09642159],[nan],,hV4
R1,2D Influence,"[[0.00825193]
 [0.00066176]
 [0.00269197]
 [0.00395921]
 [0.00347847]
 [0.00293065]
 [0.00398102]
 [0.00422359]
 [0.02956446]
 [0.0053152 ]
 [0.00093286]
 [0.00173835]
 [0.00141807]
 [0.00074091]
 [0.00376353]
 [0.00389097]]",[0.01288727],,LO1
R2,3D Influence,"[[1.75413418e-03]
 [2.17206768e-03]
 [4.76161969e-06]
 [2.99379952e-04]
 [1.44989537e-05]
 [2.06250584e-04]
 [4.05456926e-04]
 [4.05695322e-04]
 [5.14189064e-03]
 [2.55180852e-04]
 [7.84524420e-06]
 [6.48121023e-05]
 [1.75741632e-03]
 [1.41059254e-05]
 [6.34825101e-04]
 [4.79249018e-04]]",[0.02253585],,LO1
R3,Semantic Influence,"[[0.00908744]
 [0.00411051]
 [0.0042306 ]
 [0.00298146]
 [0.0036988 ]
 [0.00528878]
 [0.00939138]
 [0.00365434]
 [0.02335281]
 [0.00807357]
 [0.00135092]
 [0.00175439]
 [0.00047548]
 [0.00234183]
 [0.00387922]
 [0.00985072]]",[0.00071258],,LO1
R12,Combined 2D and 3D Influence,"[[0.00923487]
 [0.00227419]
 [0.00505269]
 [0.00542151]
 [0.00632551]
 [0.00406235]
 [0.00516533]
 [0.00554064]
 [0.03446802]
 [0.00782077]
 [0.00163309]
 [0.00264781]
 [0.00188733]
 [0.00121641]
 [0.00441545]
 [0.00486573]]",[0.00522381],,LO1
R13,Combined 2D and Semantic Influence,"[[0.00978134]
 [0.00561633]
 [0.00423398]
 [0.00403712]
 [0.00403892]
 [0.0053059 ]
 [0.00978997]
 [0.00446682]
 [0.03045752]
 [0.00809388]
 [0.00135989]
 [0.00196229]
 [0.00156428]
 [0.00262476]
 [0.00429543]
 [0.01042818]]",[0.00148218],,LO1
R23,Combined 3D and Semantic Influence,"[[0.00934637]
 [0.00424871]
 [0.0061056 ]
 [0.00328442]
 [0.00516753]
 [0.00643229]
 [0.01131321]
 [0.0039806 ]
 [0.02376093]
 [0.01000497]
 [0.00185938]
 [0.00214433]
 [0.00176599]
 [0.0032183 ]
 [0.00405263]
 [0.0117294 ]]",[0.00021757],,LO1
R123,Combined All Variables Influence,"[[0.01092234]
 [0.00690982]
 [0.00684057]
 [0.00554603]
 [0.00705176]
 [0.00664946]
 [0.01131826]
 [0.0058583 ]
 [0.03563633]
 [0.01093908]
 [0.00213063]
 [0.00293068]
 [0.0020676 ]
 [0.00322376]
 [0.00502316]
 [0.01173687]]",[0.00070831],,LO1
y123,Shared Variance All,"[[ 1.65327051e-03]
 [ 1.71491998e-03]
 [-1.62436572e-03]
 [ 4.30375829e-05]
 [-1.28842658e-03]
 [-7.25399959e-04]
 [-1.17239259e-03]
 [ 1.53865180e-04]
 [ 5.00900782e-03]
 [-1.33658329e-03]
 [-4.30111833e-04]
 [-2.66190738e-04]
 [ 5.00960093e-04]
 [-7.38861483e-04]
 [ 5.37224694e-04]
 [-1.06550477e-03]]",[0.88625753],,LO1
y12,Shared Variance 2D and 3D,"[[-0.00088208]
 [-0.00115529]
 [-0.00073159]
 [-0.00120596]
 [-0.00154411]
 [-0.00020005]
 [ 0.00039354]
 [-0.00106522]
 [-0.00477069]
 [-0.00091381]
 [-0.00026228]
 [-0.00057846]
 [ 0.00078719]
 [ 0.00027747]
 [-0.00055432]
 [ 0.00056999]]",[0.03481166],,LO1
y13,Shared Variance 2D and Semantic,"[[ 0.00590477]
 [-0.00255898]
 [ 0.00431295]
 [ 0.00286051]
 [ 0.00442678]
 [ 0.00363893]
 [ 0.00475482]
 [ 0.00325724]
 [ 0.01745074]
 [ 0.00663147]
 [ 0.001354  ]
 [ 0.00179664]
 [-0.00017169]
 [ 0.00119685]
 [ 0.0028101 ]
 [ 0.00437901]]",[0.00253268],,LO1
y23,Shared Variance 3D and Semantic,"[[-1.58060751e-04]
 [ 3.18950904e-04]
 [-2.45869596e-04]
 [-4.66148406e-05]
 [-1.65804261e-04]
 [-2.11854615e-04]
 [-3.43988351e-04]
 [-7.44240382e-05]
 [-2.75242911e-04]
 [-3.39629448e-04]
 [-7.04981767e-05]
 [-5.89294507e-05]
 [-3.40542632e-05]
 [-1.23503063e-04]
 [-7.58142836e-05]
 [-3.33930691e-04]]",[0.00391542],,LO1
y1,Unique 2D,"[[1.57596864e-03]
 [2.66110628e-03]
 [7.34974638e-04]
 [2.26161914e-03]
 [1.88422877e-03]
 [2.17169231e-04]
 [5.04910607e-06]
 [1.87769947e-03]
 [1.18753982e-02]
 [9.34116146e-04]
 [2.71246557e-04]
 [7.86355347e-04]
 [3.01607338e-04]
 [5.45809906e-06]
 [9.70528530e-04]
 [7.46728127e-06]]",[0.03574794],,LO1
y2,Unique 3D,"[[0.001141  ]
 [0.00129349]
 [0.00260659]
 [0.00150892]
 [0.00301284]
 [0.00134356]
 [0.0015283 ]
 [0.00139147]
 [0.00517881]
 [0.0028452 ]
 [0.00077073]
 [0.00096839]
 [0.00050332]
 [0.000599  ]
 [0.00072773]
 [0.00130869]]",[5.70682754e-05],,LO1
y3,Unique Semantic,"[[0.00168747]
 [0.00463562]
 [0.00178788]
 [0.00012452]
 [0.00072625]
 [0.00258711]
 [0.00615293]
 [0.00031766]
 [0.00116831]
 [0.00311831]
 [0.00049753]
 [0.00028287]
 [0.00018027]
 [0.00200734]
 [0.00060771]
 [0.00687114]]",[0.00165656],,LO1
UNC,Upper Noise Ceiling,[0.11697538],[nan],,LO1
LNC,Lower Noise Ceiling,[0.03386634],[nan],,LO1
R1,2D Influence,"[[1.69923556e-02]
 [9.00074718e-04]
 [1.93402090e-03]
 [8.49590902e-03]
 [5.29687658e-03]
 [1.37400188e-03]
 [3.19522265e-03]
 [2.28507588e-03]
 [2.09470314e-02]
 [1.91203542e-03]
 [2.52602190e-04]
 [2.05075391e-03]
 [2.95372188e-03]
 [2.90675607e-05]
 [2.35703572e-03]
 [3.44482581e-03]]",[0.00719968],,LO2
R2,3D Influence,"[[4.22814633e-03]
 [1.89201450e-03]
 [6.37479801e-06]
 [1.03121430e-03]
 [9.45608370e-07]
 [2.60827854e-07]
 [2.10045440e-03]
 [1.70668091e-04]
 [3.31607186e-03]
 [1.68290688e-05]
 [1.94615392e-04]
 [5.55971435e-04]
 [2.84646111e-03]
 [2.43492812e-05]
 [1.27229854e-05]
 [2.12969943e-04]]",[0.00942744],,LO2
R3,Semantic Influence,"[[0.016154  ]
 [0.00215794]
 [0.00347706]
 [0.00748485]
 [0.00787468]
 [0.00232111]
 [0.00783152]
 [0.00130799]
 [0.0152051 ]
 [0.0037328 ]
 [0.00080041]
 [0.00140967]
 [0.0007118 ]
 [0.00014183]
 [0.0017858 ]
 [0.0110736 ]]",[0.00109766],,LO2
R12,Combined 2D and 3D Influence,"[[0.01843955]
 [0.00189297]
 [0.00417665]
 [0.01065517]
 [0.01075023]
 [0.00279023]
 [0.00326561]
 [0.00313571]
 [0.02489797]
 [0.00434582]
 [0.00151383]
 [0.00219043]
 [0.00340203]
 [0.00018116]
 [0.00423296]
 [0.00487754]]",[0.0020037],,LO2
R13,Combined 2D and Semantic Influence,"[[0.01864268]
 [0.00225712]
 [0.00348744]
 [0.00904174]
 [0.0079071 ]
 [0.00232178]
 [0.00823053]
 [0.00228828]
 [0.02122425]
 [0.00377221]
 [0.00089776]
 [0.00206336]
 [0.00358412]
 [0.00018063]
 [0.00240626]
 [0.01247036]]",[0.00117201],,LO2
R23,Combined 3D and Semantic Influence,"[[0.01625821]
 [0.00257539]
 [0.00548143]
 [0.00796122]
 [0.01195957]
 [0.00352369]
 [0.00787283]
 [0.00139948]
 [0.01548196]
 [0.00605678]
 [0.00217536]
 [0.00141513]
 [0.00287185]
 [0.00035093]
 [0.0024361 ]
 [0.01426677]]",[0.00025897],,LO2
R123,Combined All Variables Influence,"[[0.02028883]
 [0.00311775]
 [0.00597051]
 [0.01134268]
 [0.01384793]
 [0.00388729]
 [0.0082474 ]
 [0.00313571]
 [0.02531772]
 [0.00647995]
 [0.00227548]
 [0.00220871]
 [0.0041009 ]
 [0.00035226]
 [0.00432612]
 [0.01437789]]",[0.00039348],,LO2
y123,Shared Variance All,"[[ 4.32290556e-03]
 [ 1.34229907e-03]
 [-1.75755649e-03]
 [ 6.96526119e-04]
 [-3.59646758e-03]
 [-1.05303837e-03]
 [ 2.00562135e-03]
 [ 7.59729153e-05]
 [ 3.18174460e-03]
 [-2.03318573e-03]
 [-1.06384680e-03]
 [ 5.56185180e-04]
 [ 7.54881729e-04]
 [-1.65210264e-04]
 [-5.93645426e-04]
 [-2.50539094e-03]]",[0.98419522],,LO2
y12,Shared Variance 2D and 3D,"[[-1.54195444e-03]
 [-4.43175813e-04]
 [-4.78692840e-04]
 [-1.82457523e-03]
 [-1.85593820e-03]
 [-3.62929396e-04]
 [ 2.44425111e-05]
 [-7.55935812e-04]
 [-3.81661395e-03]
 [-3.83765586e-04]
 [-2.76895479e-06]
 [-1.39888554e-04]
 [ 1.64327415e-03]
 [ 3.74672468e-05]
 [-1.26955838e-03]
 [ 1.28564228e-03]]",[0.07420422],,LO2
y13,Shared Variance 2D and Semantic,"[[ 0.01018078]
 [-0.00054141]
 [ 0.0036812 ]
 [ 0.0062425 ]
 [ 0.00886092]
 [ 0.00242637]
 [ 0.00079059]
 [ 0.00122881]
 [ 0.01174614]
 [ 0.00390582]
 [ 0.0012191 ]
 [ 0.00084088]
 [-0.00067348]
 [ 0.00015548]
 [ 0.00233022]
 [ 0.00455346]]",[0.00214973],,LO2
y23,Shared Variance 3D and Semantic,"[[-1.98961218e-04]
 [ 1.32262215e-04]
 [-2.40447740e-04]
 [-1.41680040e-04]
 [-4.87474901e-04]
 [-1.49283380e-04]
 [ 5.35269130e-05]
 [ 3.20754661e-06]
 [-1.42527601e-04]
 [-2.73961243e-04]
 [-1.16487514e-04]
 [-5.67325022e-06]
 [-6.84742759e-05]
 [-1.95411314e-05]
 [-4.39365150e-05]
 [-4.74806883e-04]]",[0.00646681],,LO2
y1,Unique 2D,"[[4.03062683e-03]
 [5.42363155e-04]
 [4.89073548e-04]
 [3.38146208e-03]
 [1.88835895e-03]
 [3.63596540e-04]
 [3.74570201e-04]
 [1.73622837e-03]
 [9.83576320e-03]
 [4.23168655e-04]
 [1.00117810e-04]
 [7.93575986e-04]
 [1.22904277e-03]
 [1.32945585e-06]
 [1.89002353e-03]
 [1.11114795e-04]]",[0.01482524],,LO2
y2,Unique 3D,"[[1.64615642e-03]
 [8.60629031e-04]
 [2.48307187e-03]
 [2.30094345e-03]
 [5.94082629e-03]
 [1.56551198e-03]
 [1.68636305e-05]
 [8.47423441e-04]
 [4.09346881e-03]
 [2.70774163e-03]
 [1.37771866e-03]
 [1.45348059e-04]
 [5.16779500e-04]
 [1.71633430e-04]
 [1.91986330e-03]
 [1.90752549e-03]]",[0.00035765],,LO2
y3,Unique Semantic,"[[1.84928110e-03]
 [1.22478617e-03]
 [1.79386266e-03]
 [6.87507207e-04]
 [3.09770021e-03]
 [1.09706037e-03]
 [4.98178270e-03]
 [6.73737732e-10]
 [4.19747346e-04]
 [2.13413092e-03]
 [7.61647762e-04]
 [1.82786179e-05]
 [6.98868226e-04]
 [1.71100809e-04]
 [9.31612145e-05]
 [9.50034154e-03]]",[0.01054338],,LO2
UNC,Upper Noise Ceiling,[0.09175084],[nan],,LO2
LNC,Lower Noise Ceiling,[0.01575371],[nan],,LO2
R1,2D Influence,"[[0.00713454]
 [0.0012688 ]
 [0.01467773]
 [0.02461751]
 [0.02306252]
 [0.00057569]
 [0.01456649]
 [0.00934283]
 [0.01753159]
 [0.00745419]
 [0.01475395]
 [0.01543072]
 [0.00090691]
 [0.00599579]
 [0.00605155]
 [0.00384695]]",[6.04590253e-05],,VO1
R2,3D Influence,"[[0.00629825]
 [0.00133157]
 [0.0011353 ]
 [0.00502949]
 [0.00742322]
 [0.00012533]
 [0.0062089 ]
 [0.00638442]
 [0.00532121]
 [0.00087589]
 [0.00356511]
 [0.00735518]
 [0.00182934]
 [0.00092643]
 [0.00089475]
 [0.0009873 ]]",[0.00012319],,VO1
R3,Semantic Influence,"[[0.0020594 ]
 [0.00208362]
 [0.01343446]
 [0.02110414]
 [0.02254575]
 [0.00164921]
 [0.01391918]
 [0.01111329]
 [0.01457884]
 [0.00648441]
 [0.01693116]
 [0.01456159]
 [0.00331057]
 [0.00691651]
 [0.01667887]
 [0.00751946]]",[1.1734012e-05],,VO1
R12,Combined 2D and 3D Influence,"[[0.00791222]
 [0.00152565]
 [0.02002025]
 [0.02777114]
 [0.02394081]
 [0.00064119]
 [0.0146472 ]
 [0.00961541]
 [0.01836713]
 [0.00940864]
 [0.01610029]
 [0.01543784]
 [0.00182934]
 [0.00716221]
 [0.00729423]
 [0.00415042]]",[4.46989821e-05],,VO1
R13,Combined 2D and Semantic Influence,"[[0.00820798]
 [0.00208362]
 [0.01584817]
 [0.02595562]
 [0.02562849]
 [0.00179993]
 [0.01601786]
 [0.01164512]
 [0.01831058]
 [0.00789797]
 [0.01794981]
 [0.01687472]
 [0.00386721]
 [0.00731958]
 [0.01802297]
 [0.00759993]]",[7.07297948e-06],,VO1
R23,Combined 3D and Semantic Influence,"[[0.00629852]
 [0.00223793]
 [0.015088  ]
 [0.02135489]
 [0.02254614]
 [0.00187405]
 [0.01409086]
 [0.0116578 ]
 [0.01459473]
 [0.00691187]
 [0.01728659]
 [0.01495087]
 [0.00344764]
 [0.00737918]
 [0.01966581]
 [0.00803992]]",[4.58283666e-06],,VO1
R123,Combined All Variables Influence,"[[0.00910335]
 [0.00228889]
 [0.02151808]
 [0.02937504]
 [0.02670161]
 [0.00190454]
 [0.01614572]
 [0.01183099]
 [0.01924995]
 [0.00997424]
 [0.01956458]
 [0.01689946]
 [0.00460333]
 [0.00864595]
 [0.01978224]
 [0.0080478 ]]",[6.25037197e-06],,VO1
y123,Shared Variance All,"[[ 2.17681466e-03]
 [ 1.12568112e-03]
 [-1.90849149e-04]
 [ 5.04453555e-03]
 [ 7.61766663e-03]
 [-6.04036358e-05]
 [ 6.08438014e-03]
 [ 5.75319656e-03]
 [ 5.40915958e-03]
 [ 5.70250996e-04]
 [ 3.47810077e-03]
 [ 6.98352876e-03]
 [ 1.50595907e-03]
 [ 6.23718723e-04]
 [-1.57560102e-03]
 [ 6.11241808e-04]]",[0.0015349],,VO1
y12,Shared Variance 2D and 3D,"[[ 3.34375077e-03]
 [-5.09637012e-05]
 [-4.01636840e-03]
 [-3.16867286e-03]
 [-1.07272741e-03]
 [ 1.20233722e-04]
 [ 4.38144181e-05]
 [ 3.58634136e-04]
 [-9.23481444e-04]
 [-1.64881073e-03]
 [-1.25933103e-03]
 [ 3.64542479e-04]
 [-5.99055904e-04]
 [-8.63700481e-04]
 [ 1.22766618e-03]
 [ 7.25853579e-05]]",[0.24910753],,VO1
y13,Shared Variance 2D and Semantic,"[[-0.00119085]
 [ 0.00014312]
 [ 0.01245487]
 [ 0.01472149]
 [ 0.01236212]
 [ 0.00048538]
 [ 0.00638343]
 [ 0.00305781]
 [ 0.00839069]
 [ 0.00547038]
 [ 0.0102572 ]
 [ 0.00613406]
 [-0.00115568]
 [ 0.00496901]
 [ 0.00628305]
 [ 0.00315524]]",[0.00031672],,VO1
y23,Shared Variance 3D and Semantic,"[[-1.17687755e-04]
 [ 5.15888454e-05]
 [-3.27388033e-04]
 [-2.65795147e-04]
 [-1.94831882e-04]
 [-3.91104658e-05]
 [-4.71601567e-05]
 [ 8.67150294e-05]
 [-1.03833563e-04]
 [-1.21817961e-04]
 [-2.68422033e-04]
 [-1.76272093e-05]
 [ 1.86307882e-04]
 [-1.59952827e-04]
 [-5.16591295e-04]
 [-1.44405750e-04]]",[0.01053991],,VO1
y1,Unique 2D,"[[2.80482735e-03]
 [5.09643410e-05]
 [6.43007912e-03]
 [8.02015355e-03]
 [4.15546711e-03]
 [3.04855347e-05]
 [2.05486184e-03]
 [1.73189132e-04]
 [4.65521986e-03]
 [3.06237044e-03]
 [2.27798289e-03]
 [1.94859203e-03]
 [1.15569318e-03]
 [1.26676715e-03]
 [1.16435416e-04]
 [7.88376219e-06]]",[0.00122913],,VO1
y2,Unique 3D,"[[8.95372884e-04]
 [2.05268568e-04]
 [5.66990641e-03]
 [3.41942661e-03]
 [1.07311523e-03]
 [1.04610494e-04]
 [1.27866821e-04]
 [1.85870662e-04]
 [9.39368775e-04]
 [2.07626665e-03]
 [1.61476345e-03]
 [2.47393056e-05]
 [7.36125025e-04]
 [1.32636927e-03]
 [1.75927241e-03]
 [4.47874245e-04]]",[0.0033173],,VO1
y3,Unique Semantic,"[[0.00119113]
 [0.00076323]
 [0.00149783]
 [0.00160391]
 [0.0027608 ]
 [0.00126334]
 [0.00149853]
 [0.00221558]
 [0.00088282]
 [0.0005656 ]
 [0.00346428]
 [0.00146163]
 [0.00277399]
 [0.00148374]
 [0.01248802]
 [0.00389738]]",[0.00313857],,VO1
UNC,Upper Noise Ceiling,[0.1267787],[nan],,VO1
LNC,Lower Noise Ceiling,[0.04401078],[nan],,VO1
R1,2D Influence,"[[7.81298871e-03]
 [4.36914591e-04]
 [1.37733092e-02]
 [1.50957901e-02]
 [5.67305099e-03]
 [3.24356120e-05]
 [1.67132721e-02]
 [5.18161304e-03]
 [6.15078255e-03]
 [7.52358868e-03]
 [7.53218187e-03]
 [9.13041858e-03]
 [2.42203575e-03]
 [2.73886590e-03]
 [6.21529937e-03]
 [3.22316002e-03]]",[5.29834189e-05],,VO2
R2,3D Influence,"[[3.43036678e-03]
 [1.07829566e-03]
 [7.52329147e-04]
 [1.34958564e-03]
 [4.75193743e-04]
 [1.36818421e-07]
 [4.25035642e-03]
 [2.10475780e-03]
 [1.20835147e-03]
 [6.08173651e-05]
 [2.54550407e-03]
 [3.44807249e-03]
 [2.40345979e-03]
 [3.13508445e-04]
 [7.39901224e-04]
 [1.22521875e-03]]",[0.0002056],,VO2
R3,Semantic Influence,"[[0.00256866]
 [0.00181775]
 [0.01125373]
 [0.0128611 ]
 [0.00598554]
 [0.00086427]
 [0.01960407]
 [0.00490851]
 [0.00275265]
 [0.00968669]
 [0.00989334]
 [0.00731557]
 [0.00384537]
 [0.00397644]
 [0.01223623]
 [0.00991526]]",[2.98160384e-05],,VO2
R12,Combined 2D and 3D Influence,"[[7.84177435e-03]
 [1.08854067e-03]
 [1.98820785e-02]
 [2.00667349e-02]
 [7.63025554e-03]
 [7.07864982e-05]
 [1.80624822e-02]
 [5.22971455e-03]
 [6.99413366e-03]
 [1.32040938e-02]
 [7.76391868e-03]
 [9.28130755e-03]
 [2.82921849e-03]
 [3.47472275e-03]
 [7.82483534e-03]
 [3.27408775e-03]]",[8.85371638e-05],,VO2
R13,Combined 2D and Semantic Influence,"[[0.00866471]
 [0.0022074 ]
 [0.0143134 ]
 [0.01588432]
 [0.00655813]
 [0.00162289]
 [0.02063256]
 [0.00567597]
 [0.00634435]
 [0.00994055]
 [0.01010973]
 [0.0094394 ]
 [0.0038472 ]
 [0.00400175]
 [0.01237774]
 [0.01103024]]",[5.37977301e-06],,VO2
R23,Combined 3D and Semantic Influence,"[[0.00385746]
 [0.00191929]
 [0.01296711]
 [0.01409808]
 [0.00676893]
 [0.00131508]
 [0.01996997]
 [0.00495288]
 [0.00278273]
 [0.01328856]
 [0.00996593]
 [0.00744674]
 [0.00410796]
 [0.00450032]
 [0.0142501 ]
 [0.01067246]]",[2.0694691e-05],,VO2
R123,Combined All Variables Influence,"[[0.00867772]
 [0.00273755]
 [0.02066704]
 [0.02111668]
 [0.00868548]
 [0.00169719]
 [0.02228017]
 [0.0057448 ]
 [0.00714249]
 [0.01610046]
 [0.01044556]
 [0.00961817]
 [0.00416866]
 [0.00486194]
 [0.01439801]
 [0.01118653]]",[1.14251931e-05],,VO2
y123,Shared Variance All,"[[ 2.12578871e-03]
 [ 8.55275299e-04]
 [-7.16183589e-04]
 [ 3.74020323e-04]
 [-1.38053794e-04]
 [-4.14718690e-04]
 [ 4.18286761e-03]
 [ 2.08111623e-03]
 [ 1.13305877e-03]
 [-3.06163298e-03]
 [ 2.57700137e-03]
 [ 3.34479050e-03]
 [ 2.05514905e-03]
 [-8.60373103e-05]
 [-8.63237907e-04]
 [ 5.73376960e-04]]",[0.07256689],,VO2
y12,Shared Variance 2D and 3D,"[[ 1.27579242e-03]
 [-4.28605714e-04]
 [-4.64025657e-03]
 [-3.99537949e-03]
 [-1.34395702e-03]
 [ 3.76504623e-04]
 [-1.28172129e-03]
 [-2.44599343e-05]
 [-7.68058408e-04]
 [-2.55805478e-03]
 [-2.63234114e-04]
 [-4.76069836e-05]
 [-5.88720115e-05]
 [-3.36311096e-04]
 [-6.39683500e-06]
 [ 6.00914064e-04]]",[0.05427099],,VO2
y13,Shared Variance 2D and Semantic,"[[-0.00040885]
 [-0.00080801]
 [ 0.01142983]
 [ 0.01169855]
 [ 0.00523851]
 [-0.00031146]
 [ 0.01150192]
 [ 0.00233304]
 [ 0.00142602]
 [ 0.01033137]
 [ 0.00473878]
 [ 0.0036618 ]
 [ 0.00036506]
 [ 0.00279959]
 [ 0.00693703]
 [ 0.0015348 ]]",[0.0011707],,VO2
y23,Shared Variance 3D and Semantic,"[[ 1.57788009e-05]
 [ 1.21478600e-04]
 [-2.44869624e-04]
 [-2.61412507e-04]
 [-1.70144826e-04]
 [-3.59544877e-05]
 [-2.98406791e-04]
 [-2.07229715e-05]
 [ 4.52144464e-05]
 [-4.79410812e-04]
 [-1.04087301e-04]
 [-2.78853572e-05]
 [ 8.57207687e-05]
 [-1.24336180e-04]
 [-4.10736365e-04]
 [-1.05362933e-04]]",[0.01118498],,VO2
y1,Unique 2D,"[[4.82025783e-03]
 [8.18252901e-04]
 [7.69992257e-03]
 [7.01859924e-03]
 [1.91654893e-03]
 [3.82106011e-04]
 [2.31020521e-03]
 [7.91918162e-04]
 [4.35975848e-03]
 [2.81190889e-03]
 [4.79632603e-04]
 [2.17143670e-03]
 [6.06978271e-05]
 [3.61621268e-04]
 [1.47906654e-04]
 [5.14067074e-04]]",[0.00200433],,VO2
y2,Unique 3D,"[[1.30068395e-05]
 [5.30147479e-04]
 [6.35363893e-03]
 [5.23235732e-03]
 [2.12734938e-03]
 [7.43053739e-05]
 [1.64761690e-03]
 [6.88244746e-05]
 [7.98136665e-04]
 [6.15991594e-03]
 [3.35824113e-04]
 [1.78774324e-04]
 [3.21461977e-04]
 [8.60193032e-04]
 [2.02027233e-03]
 [1.56290661e-04]]",[0.00845165],,VO2
y3,Unique Semantic,"[[0.00083595]
 [0.00164901]
 [0.00078496]
 [0.00104994]
 [0.00105522]
 [0.0016264 ]
 [0.00421769]
 [0.00051508]
 [0.00014836]
 [0.00289637]
 [0.00268164]
 [0.00033687]
 [0.00133944]
 [0.00138722]
 [0.00657318]
 [0.00791244]]",[0.00142454],,VO2
UNC,Upper Noise Ceiling,[0.12168472],[nan],,VO2
LNC,Lower Noise Ceiling,[0.04020827],[nan],,VO2
R1,2D Influence,"[[0.01289603]
 [0.00189083]
 [0.01443052]
 [0.0112254 ]
 [0.00531782]
 [0.00012333]
 [0.0164555 ]
 [0.00297814]
 [0.00532138]
 [0.00524929]
 [0.00218673]
 [0.00679774]
 [0.00027976]
 [0.00161883]
 [0.00732402]
 [0.00560834]]",[0.00018599],,PHC1
R2,3D Influence,"[[4.13788620e-03]
 [3.39169843e-05]
 [3.16104094e-04]
 [1.43985275e-04]
 [5.87060736e-04]
 [3.23539001e-04]
 [4.10267585e-03]
 [2.26692098e-04]
 [3.35622602e-04]
 [1.63506029e-05]
 [1.89192198e-04]
 [2.76744728e-03]
 [2.00437162e-03]
 [6.12406186e-05]
 [2.58472435e-03]
 [1.32757061e-03]]",[0.00502177],,PHC1
R3,Semantic Influence,"[[0.00742599]
 [0.00340865]
 [0.01210147]
 [0.00968177]
 [0.00732381]
 [0.00245006]
 [0.0252723 ]
 [0.00222023]
 [0.00199019]
 [0.00833671]
 [0.00266532]
 [0.0056324 ]
 [0.00032658]
 [0.00232989]
 [0.01023308]
 [0.01642284]]",[0.00040058],,PHC1
R12,Combined 2D and 3D Influence,"[[0.01339349]
 [0.00312161]
 [0.02336687]
 [0.01907033]
 [0.00679425]
 [0.00145141]
 [0.0178503 ]
 [0.00407347]
 [0.00751054]
 [0.01131066]
 [0.00292412]
 [0.00685955]
 [0.00244444]
 [0.00246109]
 [0.00750557]
 [0.00614449]]",[0.00012878],,PHC1
R13,Combined 2D and Semantic Influence,"[[0.01291078]
 [0.00341944]
 [0.01510965]
 [0.01185928]
 [0.00742108]
 [0.00438169]
 [0.0253191 ]
 [0.00303109]
 [0.00570699]
 [0.0083406 ]
 [0.002773  ]
 [0.00709228]
 [0.00034424]
 [0.00234696]
 [0.01034692]
 [0.01802766]]",[0.00011398],,PHC1
R23,Combined 3D and Semantic Influence,"[[0.00774509]
 [0.00457383]
 [0.01523548]
 [0.01269068]
 [0.00827355]
 [0.00570051]
 [0.02642338]
 [0.00244125]
 [0.00207296]
 [0.01316527]
 [0.00305132]
 [0.00576178]
 [0.00209489]
 [0.00293182]
 [0.0103185 ]
 [0.01853525]]",[0.00013302],,PHC1
R123,Combined All Variables Influence,"[[0.01339972]
 [0.00482681]
 [0.02438025]
 [0.02000595]
 [0.00912449]
 [0.0060189 ]
 [0.02717829]
 [0.00415984]
 [0.00779405]
 [0.01496089]
 [0.00359505]
 [0.00717177]
 [0.00247176]
 [0.00329003]
 [0.01063012]
 [0.01892451]]",[4.65270153e-05],,PHC1
y123,Shared Variance All,"[[ 3.81026710e-03]
 [-9.54668827e-04]
 [-2.48364873e-03]
 [-2.56319481e-03]
 [-1.35715532e-04]
 [-2.61778297e-03]
 [ 3.41598816e-03]
 [ 3.90757536e-05]
 [ 1.50754333e-04]
 [-4.25328444e-03]
 [-1.12144552e-04]
 [ 2.65573730e-03]
 [ 1.98893173e-04]
 [-4.39866989e-04]
 [ 2.60093454e-03]
 [-4.24144236e-04]]",[0.90511573],,PHC1
y12,Shared Variance 2D and 3D,"[[-1.69839942e-04]
 [-2.42192285e-04]
 [-6.13659692e-03]
 [-5.13774966e-03]
 [-7.53657605e-04]
 [ 1.61323856e-03]
 [-7.08119566e-04]
 [-9.07714952e-04]
 [-2.00428985e-03]
 [-1.79173606e-03]
 [-4.36047971e-04]
 [ 4.98976416e-05]
 [-3.59202156e-04]
 [-3.41154008e-04]
 [-1.97766197e-04]
 [ 1.21556530e-03]]",[0.06180556],,PHC1
y13,Shared Variance 2D and Semantic,"[[3.60097669e-03]
 [2.83471069e-03]
 [1.39059973e-02]
 [1.16110787e-02]
 [5.35625867e-03]
 [8.09478495e-04]
 [1.29927167e-02]
 [2.12819436e-03]
 [1.45382494e-03]
 [9.49868901e-03]
 [2.19119497e-03]
 [2.68211804e-03]
 [6.32027520e-05]
 [2.04163609e-03]
 [4.60923363e-03]
 [4.42765693e-03]]",[0.00043185],,PHC1
y23,Shared Variance 3D and Semantic,"[[ 8.51819828e-06]
 [-1.76592275e-04]
 [-3.34256487e-04]
 [-3.01733785e-04]
 [-2.26972716e-04]
 [-3.09124267e-04]
 [-4.64387312e-04]
 [-3.34117246e-05]
 [ 1.02097390e-04]
 [-5.58922290e-04]
 [-8.46615656e-05]
 [-1.76748920e-05]
 [ 3.71617982e-05]
 [-1.00815702e-04]
 [-1.01638766e-04]
 [-3.60697479e-04]]",[0.00163983],,PHC1
y1,Unique 2D,"[[0.00565463]
 [0.00025298]
 [0.00914477]
 [0.00731526]
 [0.00085093]
 [0.00031839]
 [0.00075491]
 [0.00171858]
 [0.00572109]
 [0.00179562]
 [0.00054373]
 [0.00140998]
 [0.00037687]
 [0.00035822]
 [0.00031161]
 [0.00038926]]",[0.00633526],,PHC1
y2,Unique 3D,"[[4.88940851e-04]
 [1.40737037e-03]
 [9.27060623e-03]
 [8.14666353e-03]
 [1.70340659e-03]
 [1.63720768e-03]
 [1.85919457e-03]
 [1.12874302e-03]
 [2.08706073e-03]
 [6.62029339e-03]
 [8.22046287e-04]
 [7.94872289e-05]
 [2.12751881e-03]
 [9.43077317e-04]
 [2.83194773e-04]
 [8.96847023e-04]]",[0.00352919],,PHC1
y3,Unique Semantic,"[[6.22943993e-06]
 [1.70520097e-03]
 [1.01337844e-03]
 [9.35617862e-04]
 [2.33023476e-03]
 [4.56749179e-03]
 [9.32798590e-03]
 [8.63673075e-05]
 [2.83512611e-04]
 [3.65022761e-03]
 [6.70930642e-04]
 [3.12219291e-04]
 [2.73202101e-05]
 [8.28939306e-04]
 [3.12454665e-03]
 [1.27800204e-02]]",[0.01168178],,PHC1
UNC,Upper Noise Ceiling,[0.11903098],[nan],,PHC1
LNC,Lower Noise Ceiling,[0.03813953],[nan],,PHC1
R1,2D Influence,"[[1.72249925e-03]
 [5.10364140e-03]
 [9.21011885e-03]
 [6.75635162e-03]
 [3.17046202e-03]
 [1.78843132e-04]
 [9.96353326e-03]
 [3.43777523e-04]
 [1.61126387e-03]
 [3.96584689e-03]
 [1.87290016e-03]
 [1.05691066e-03]
 [3.38341512e-05]
 [3.57425567e-04]
 [8.24674092e-03]
 [3.42542853e-03]]",[0.00069575],,PHC2
R2,3D Influence,"[[9.78310373e-04]
 [5.75456515e-07]
 [6.55625799e-05]
 [4.40887716e-05]
 [3.09237521e-04]
 [1.90689352e-04]
 [2.46789928e-03]
 [1.68054790e-04]
 [1.22807701e-04]
 [3.64765232e-04]
 [8.00170983e-08]
 [2.54422896e-04]
 [2.12084023e-04]
 [4.74854459e-05]
 [2.93568506e-03]
 [5.60853866e-04]]",[0.02578415],,PHC2
R3,Semantic Influence,"[[1.24460769e-03]
 [4.96655692e-03]
 [8.91494370e-03]
 [7.36437784e-03]
 [3.35395110e-03]
 [1.36996317e-03]
 [2.26305684e-02]
 [5.09830057e-04]
 [1.36768638e-04]
 [4.34434422e-03]
 [1.82795583e-03]
 [9.34577148e-04]
 [3.49235981e-07]
 [1.55802125e-03]
 [7.80161349e-03]
 [1.04240505e-02]]",[0.00456924],,PHC2
R12,Combined 2D and 3D Influence,"[[0.00173043]
 [0.01031804]
 [0.01628963]
 [0.01200997]
 [0.00414728]
 [0.00125504]
 [0.01082147]
 [0.00034382]
 [0.00220339]
 [0.01200545]
 [0.00376468]
 [0.00115421]
 [0.00072785]
 [0.00044025]
 [0.0084418 ]
 [0.00404342]]",[0.00061256],,PHC2
R13,Combined 2D and Semantic Influence,"[[1.74409810e-03]
 [5.65928315e-03]
 [1.01874193e-02]
 [7.95909658e-03]
 [3.67055556e-03]
 [1.98319565e-03]
 [2.34145054e-02]
 [5.12036914e-04]
 [2.59378007e-03]
 [4.68582097e-03]
 [2.07967471e-03]
 [1.12631417e-03]
 [7.35912233e-05]
 [1.91857122e-03]
 [9.02824135e-03]
 [1.15619494e-02]]",[0.00217538],,PHC2
R23,Combined 3D and Semantic Influence,"[[0.00142327]
 [0.00754119]
 [0.0121436 ]
 [0.01012324]
 [0.0037303 ]
 [0.00322512]
 [0.02470036]
 [0.00050984]
 [0.00016491]
 [0.00924089]
 [0.00276224]
 [0.00093888]
 [0.00033346]
 [0.00193674]
 [0.00781697]
 [0.01228716]]",[0.00182539],,PHC2
R123,Combined All Variables Influence,"[[0.00175053]
 [0.01110143]
 [0.01761573]
 [0.01354147]
 [0.0047376 ]
 [0.00323908]
 [0.02473724]
 [0.00051295]
 [0.00309909]
 [0.01304958]
 [0.00405507]
 [0.00123419]
 [0.00075014]
 [0.00205108]
 [0.00927427]
 [0.01248423]]",[0.00059856],,PHC2
y123,Shared Variance All,"[[ 7.98142931e-04]
 [-2.34631257e-03]
 [-2.81429351e-03]
 [-2.38602209e-03]
 [ 2.31145564e-05]
 [-1.48478549e-03]
 [ 8.62910445e-04]
 [ 1.68920304e-04]
 [ 7.85384007e-06]
 [-4.20762134e-03]
 [-8.50584587e-04]
 [ 2.60688001e-04]
 [-1.38493018e-04]
 [-2.81549022e-04]
 [ 2.97128889e-03]
 [-9.97961483e-04]]",[0.1508574],,PHC2
y12,Shared Variance 2D and 3D,"[[ 1.72234622e-04]
 [-2.86750650e-03]
 [-4.19965620e-03]
 [-2.82350622e-03]
 [-6.90697511e-04]
 [ 5.99273423e-04]
 [ 7.47054074e-04]
 [-9.04617862e-07]
 [-4.77176715e-04]
 [-3.46721445e-03]
 [-1.04111116e-03]
 [-1.03568817e-04]
 [-3.43442049e-04]
 [ 2.46211150e-04]
 [-2.30666672e-04]
 [ 9.40820718e-04]]",[0.05114066],,PHC2
y13,Shared Variance 2D and Semantic,"[[ 4.24865910e-04]
 [ 6.75722774e-03]
 [ 1.07519367e-02]
 [ 8.54765497e-03]
 [ 2.83074301e-03]
 [ 1.05039614e-03]
 [ 8.31668588e-03]
 [ 1.72650361e-04]
 [-8.53601409e-04]
 [ 7.83199149e-03]
 [ 2.47176586e-03]
 [ 6.04485633e-04]
 [ 9.90851818e-05]
 [ 2.78424623e-04]
 [ 4.04882417e-03]
 [ 3.28549107e-03]]",[0.00174846],,PHC2
y23,Shared Variance 3D and Semantic,"[[ 1.50349790e-06]
 [-2.27748564e-04]
 [-3.48798325e-04]
 [-3.28751737e-04]
 [-9.02224322e-05]
 [-1.79684356e-04]
 [-4.64801939e-04]
 [-8.72664132e-07]
 [ 8.68159159e-05]
 [-3.24155378e-04]
 [-8.36147675e-05]
 [-1.05713825e-05]
 [ 1.74658473e-05]
 [-4.96851667e-05]
 [-5.09647348e-05]
 [-3.04289474e-04]]",[0.00276755],,PHC2
y1,Unique 2D,"[[3.27255788e-04]
 [3.56023273e-03]
 [5.47213184e-03]
 [3.41822497e-03]
 [1.00730197e-03]
 [1.39590606e-05]
 [3.68828571e-05]
 [3.11147537e-06]
 [2.93418815e-03]
 [3.80869120e-03]
 [1.29283004e-03]
 [2.95305838e-04]
 [4.16684036e-04]
 [1.14338815e-04]
 [1.45729454e-03]
 [1.97078225e-04]]",[0.00326931],,PHC2
y2,Unique 3D,"[[6.42932148e-06]
 [5.44214309e-03]
 [7.42831062e-03]
 [5.58236882e-03]
 [1.06704291e-03]
 [1.25588577e-03]
 [1.32273670e-03]
 [9.11767373e-07]
 [5.05314660e-04]
 [8.36375640e-03]
 [1.97539053e-03]
 [1.07875095e-04]
 [6.76553243e-04]
 [1.32508484e-04]
 [2.46027575e-04]
 [9.22284105e-04]]",[0.00721463],,PHC2
y3,Unique Semantic,"[[2.00953477e-05]
 [7.83390318e-04]
 [1.32609882e-03]
 [1.53149669e-03]
 [5.90315968e-04]
 [1.98403688e-03]
 [1.39157740e-02]
 [1.69132056e-04]
 [8.95700291e-04]
 [1.04412945e-03]
 [2.90389322e-04]
 [7.99748966e-05]
 [2.22912248e-05]
 [1.61083082e-03]
 [8.32465167e-04]
 [8.44081039e-03]]",[0.0401453],,PHC2
UNC,Upper Noise Ceiling,[0.10379089],[nan],,PHC2
LNC,Lower Noise Ceiling,[0.02677628],[nan],,PHC2
R1,2D Influence,"[[2.70215037e-03]
 [9.11673820e-03]
 [7.72010839e-05]
 [5.94735374e-03]
 [4.31031804e-03]
 [5.09036148e-03]
 [1.90798027e-03]
 [9.33762603e-04]
 [8.16659960e-05]
 [2.37587977e-03]
 [2.63367886e-03]
 [2.26562697e-03]
 [6.62306404e-03]
 [1.28512145e-02]
 [2.64791533e-04]
 [3.13151680e-03]]",[0.00062611],,PPA
R2,3D Influence,"[[1.86377197e-03]
 [4.65060356e-03]
 [1.32574927e-04]
 [5.28289757e-04]
 [4.87184059e-04]
 [8.09424361e-05]
 [2.25833341e-04]
 [4.97511447e-04]
 [3.30575245e-04]
 [1.78661770e-03]
 [1.74860707e-03]
 [6.75903210e-06]
 [3.60016732e-06]
 [1.16749337e-03]
 [2.31377025e-05]
 [2.00000038e-03]]",[0.00640744],,PPA
R3,Semantic Influence,"[[1.47063718e-03]
 [9.68968319e-03]
 [7.56448546e-04]
 [6.45557153e-03]
 [4.40609385e-03]
 [3.76389659e-03]
 [3.62215692e-04]
 [4.83971466e-04]
 [5.79264642e-05]
 [6.25176795e-04]
 [1.86192861e-03]
 [1.68182202e-03]
 [4.70546725e-03]
 [8.21804735e-03]
 [3.71702507e-04]
 [9.44578805e-03]]",[0.00116445],,PPA
R12,Combined 2D and 3D Influence,"[[0.00278608]
 [0.00911808]
 [0.00013345]
 [0.00791504]
 [0.00548189]
 [0.01210348]
 [0.0024048 ]
 [0.00093486]
 [0.00035922]
 [0.00249938]
 [0.00269623]
 [0.00487357]
 [0.01276385]
 [0.01703307]
 [0.00079346]
 [0.00318609]]",[0.00077992],,PPA
R13,Combined 2D and Semantic Influence,"[[2.71447323e-03]
 [1.05828050e-02]
 [1.16607793e-03]
 [6.98869085e-03]
 [4.89791810e-03]
 [5.17334026e-03]
 [2.48551700e-03]
 [9.42363102e-04]
 [8.24777352e-05]
 [2.80850461e-03]
 [2.65855151e-03]
 [2.30413753e-03]
 [6.68996682e-03]
 [1.28639184e-02]
 [3.75594272e-04]
 [1.04517264e-02]]",[0.000316],,PPA
R23,Combined 3D and Semantic Influence,"[[0.00213427]
 [0.00988385]
 [0.00078496]
 [0.00727604]
 [0.00480163]
 [0.00672117]
 [0.00038672]
 [0.00062238]
 [0.00034304]
 [0.00178717]
 [0.00229076]
 [0.00271674]
 [0.00683635]
 [0.00871236]
 [0.00075264]
 [0.00963984]]",[0.00031311],,PPA
R123,Combined All Variables Influence,"[[0.00280266]
 [0.01058414]
 [0.00119648]
 [0.00914115]
 [0.00617664]
 [0.01230507]
 [0.00292126]
 [0.00094387]
 [0.00035923]
 [0.00296209]
 [0.00271664]
 [0.00496025]
 [0.01293132]
 [0.01708914]
 [0.00093598]
 [0.01045665]]",[0.00027344],,PPA
y123,Shared Variance All,"[[ 1.20439633e-03]
 [ 4.45643873e-03]
 [ 7.82123051e-05]
 [-1.07405814e-04]
 [ 1.98794100e-04]
 [-2.75771533e-03]
 [ 1.40251077e-04]
 [ 3.59515018e-04]
 [ 4.46592246e-05]
 [ 6.54710924e-04]
 [ 1.31531317e-03]
 [-9.79994923e-04]
 [-2.02671354e-03]
 [ 7.16543420e-04]
 [-3.26080570e-04]
 [ 1.75629941e-03]]",[0.47298877],,PPA
y12,Shared Variance 2D and 3D,"[[ 5.75445305e-04]
 [ 1.92823041e-04]
 [-1.88607104e-06]
 [-1.33199027e-03]
 [-8.83186675e-04]
 [-4.17445592e-03]
 [-4.11239322e-04]
 [ 1.36898973e-04]
 [ 8.36626744e-06]
 [ 1.00840814e-03]
 [ 3.70740227e-04]
 [-1.62119149e-03]
 [-4.11047446e-03]
 [-3.73090575e-03]
 [-1.79448169e-04]
 [ 1.89126991e-04]]",[0.05705048],,PPA
y13,Shared Variance 2D and Semantic,"[[ 2.53917984e-04]
 [ 3.76717769e-03]
 [-4.10640607e-04]
 [ 5.52164023e-03]
 [ 3.61969969e-03]
 [ 6.43863314e-03]
 [-3.55572118e-04]
 [ 1.15855949e-04]
 [ 1.24555004e-05]
 [-4.62158978e-04]
 [ 5.21742798e-04]
 [ 2.62330639e-03]
 [ 6.66527802e-03]
 [ 7.48879995e-03]
 [ 5.86980339e-04]
 [ 3.69279066e-04]]",[0.00593825],,PPA
y23,Shared Variance 3D and Semantic,"[[-4.26089253e-06]
 [ 1.90219052e-09]
 [ 2.58465784e-05]
 [-1.84771978e-04]
 [-1.07146386e-04]
 [-1.18612022e-04]
 [ 6.10742685e-05]
 [-4.10894301e-07]
 [ 7.99749631e-07]
 [-3.00858900e-05]
 [ 4.46425975e-06]
 [-4.81653820e-05]
 [-1.00564178e-04]
 [-4.33624335e-05]
 [-3.17150891e-05]
 [ 4.96500840e-05]]",[0.06446263],,PPA
y1,Unique 2D,"[[6.68390742e-04]
 [7.00298731e-04]
 [4.11515457e-04]
 [1.86510959e-03]
 [1.37501092e-03]
 [5.58389959e-03]
 [2.53454063e-03]
 [3.21492663e-04]
 [1.61850035e-05]
 [1.17491968e-03]
 [4.25882668e-04]
 [2.24350700e-03]
 [6.09497403e-03]
 [8.37677683e-03]
 [1.83339934e-04]
 [8.16811339e-04]]",[0.00468535],,PPA
y2,Unique 3D,"[[8.81912211e-05]
 [1.33988393e-06]
 [3.04021146e-05]
 [2.15245782e-03]
 [1.27872302e-03]
 [7.13172571e-03]
 [4.35747318e-04]
 [1.50835061e-06]
 [2.76750003e-04]
 [1.53584524e-04]
 [5.80894150e-05]
 [2.65611083e-03]
 [6.24135235e-03]
 [4.22521813e-03]
 [5.60381531e-04]
 [4.92389590e-06]]",[0.01609224],,PPA
y3,Unique Semantic,"[[1.65837583e-05]
 [1.46606487e-03]
 [1.06303027e-03]
 [1.22610909e-03]
 [6.94746446e-04]
 [2.01590799e-04]
 [5.16462464e-04]
 [9.01139337e-06]
 [1.19896088e-08]
 [4.62710739e-04]
 [2.04083886e-05]
 [8.66759394e-05]
 [1.67466954e-04]
 [5.60664076e-05]
 [1.42517828e-04]
 [7.27055949e-03]]",[0.07926451],,PPA
UNC,Upper Noise Ceiling,[0.08437771],[nan],,PPA
LNC,Lower Noise Ceiling,[0.01107654],[nan],,PPA
